-- MySQL dump 10.13  Distrib 8.0.25, for Win64 (x86_64)
--
-- Host: j13a110.p.ssafy.io    Database: cinemoa
-- ------------------------------------------------------
-- Server version	9.4.0

/*!40101 SET @OLD_CHARACTER_SET_CLIENT=@@CHARACTER_SET_CLIENT */;
/*!40101 SET @OLD_CHARACTER_SET_RESULTS=@@CHARACTER_SET_RESULTS */;
/*!40101 SET @OLD_COLLATION_CONNECTION=@@COLLATION_CONNECTION */;
/*!50503 SET NAMES utf8 */;
/*!40103 SET @OLD_TIME_ZONE=@@TIME_ZONE */;
/*!40103 SET TIME_ZONE='+00:00' */;
/*!40014 SET @OLD_UNIQUE_CHECKS=@@UNIQUE_CHECKS, UNIQUE_CHECKS=0 */;
/*!40014 SET @OLD_FOREIGN_KEY_CHECKS=@@FOREIGN_KEY_CHECKS, FOREIGN_KEY_CHECKS=0 */;
/*!40101 SET @OLD_SQL_MODE=@@SQL_MODE, SQL_MODE='NO_AUTO_VALUE_ON_ZERO' */;
/*!40111 SET @OLD_SQL_NOTES=@@SQL_NOTES, SQL_NOTES=0 */;

--
-- Table structure for table `categories`
--

DROP TABLE IF EXISTS `categories`;
/*!40101 SET @saved_cs_client     = @@character_set_client */;
/*!50503 SET character_set_client = utf8mb4 */;
CREATE TABLE `categories` (
  `category_id` bigint NOT NULL AUTO_INCREMENT,
  `tag_name` varchar(10) DEFAULT NULL,
  `parent_category_id` bigint DEFAULT NULL,
  PRIMARY KEY (`category_id`),
  KEY `FK9il7y6fehxwunjeepq0n7g5rd` (`parent_category_id`),
  CONSTRAINT `FK9il7y6fehxwunjeepq0n7g5rd` FOREIGN KEY (`parent_category_id`) REFERENCES `categories` (`category_id`)
) ENGINE=InnoDB AUTO_INCREMENT=27 DEFAULT CHARSET=utf8mb4 COLLATE=utf8mb4_0900_ai_ci;
/*!40101 SET character_set_client = @saved_cs_client */;

--
-- Dumping data for table `categories`
--

LOCK TABLES `categories` WRITE;
/*!40000 ALTER TABLE `categories` DISABLE KEYS */;
INSERT INTO `categories` VALUES (1,'영화',NULL),(2,'시리즈',NULL),(3,'공연',NULL),(4,'스포츠 중계',NULL),(5,'액션',1),(6,'공포/스릴러',1),(7,'음악',1),(8,'판타지/SF',1),(9,'애니메이션',1),(10,'기타',1),(11,'액션',2),(12,'공포/스릴러',2),(13,'음악',2),(14,'판타지/SF',2),(15,'애니메이션',2),(16,'기타',2),(17,'외국가수',3),(18,'한국가수',3),(19,'클래식',3),(20,'뮤지컬',3),(21,'기타',3),(22,'축구',4),(23,'야구',4),(24,'F1',4),(25,'e스포츠',4),(26,'기타',4);
/*!40000 ALTER TABLE `categories` ENABLE KEYS */;
UNLOCK TABLES;

--
-- Table structure for table `cinemas`
--

DROP TABLE IF EXISTS `cinemas`;
/*!40101 SET @saved_cs_client     = @@character_set_client */;
/*!50503 SET character_set_client = utf8mb4 */;
CREATE TABLE `cinemas` (
  `cinema_id` bigint NOT NULL AUTO_INCREMENT,
  `cinema_name` varchar(255) NOT NULL,
  `city` varchar(10) DEFAULT NULL,
  `district` varchar(10) DEFAULT NULL,
  `is_4dx` bit(1) NOT NULL DEFAULT b'0',
  `is_dolby` bit(1) NOT NULL DEFAULT b'0',
  `is_imax` bit(1) NOT NULL DEFAULT b'0',
  `is_recliner` bit(1) NOT NULL DEFAULT b'0',
  `is_screenx` bit(1) NOT NULL DEFAULT b'0',
  `address` varchar(255) NOT NULL,
  `lat` double DEFAULT NULL,
  `lng` double DEFAULT NULL,
  PRIMARY KEY (`cinema_id`)
) ENGINE=InnoDB AUTO_INCREMENT=91 DEFAULT CHARSET=utf8mb4 COLLATE=utf8mb4_0900_ai_ci;
/*!40101 SET character_set_client = @saved_cs_client */;

--
-- Dumping data for table `cinemas`
--

LOCK TABLES `cinemas` WRITE;
/*!40000 ALTER TABLE `cinemas` DISABLE KEYS */;
INSERT INTO `cinemas` VALUES (1,'CGV대학로','서울시','종로구',_binary '\0',_binary '\0',_binary '\0',_binary '',_binary '\0','종로구 대명길 28',NULL,NULL),(2,'CGV피카디리1958','서울시','종로구',_binary '\0',_binary '\0',_binary '\0',_binary '\0',_binary '\0','종로구 돈화문로 5가길 1 (돈의동 137)',NULL,NULL),(3,'낭만극장','서울시','종로구',_binary '\0',_binary '\0',_binary '\0',_binary '\0',_binary '\0','종로구 삼일대로 428, 4층 (낙원동 284-6 낙원상가 4층)',NULL,NULL),(4,'씨네큐브광화문','서울시','종로구',_binary '\0',_binary '\0',_binary '\0',_binary '\0',_binary '\0','종로구 새문안로 68 지하2층 (신문로1가 흥국생명빌딩)',NULL,NULL),(5,'에무시네마','서울시','종로구',_binary '\0',_binary '\0',_binary '\0',_binary '\0',_binary '\0','종로구 경희궁1가길 7',NULL,NULL),(7,'CGV동대문','서울시','중구',_binary '\0',_binary '\0',_binary '\0',_binary '\0',_binary '\0','중구 장충단로 13길 현대시티아울렛 11층',NULL,NULL),(8,'CGV명동','서울시','중구',_binary '\0',_binary '\0',_binary '\0',_binary '\0',_binary '\0','중구 명동길 14 (명동2가 83-5번지 눈스퀘어 8층)',NULL,NULL),(9,'CGV명동역 씨네라이브러리','서울시','중구',_binary '\0',_binary '\0',_binary '\0',_binary '\0',_binary '\0','중구 퇴계로 123, 10~11층 (명동)',NULL,NULL),(10,'롯데시네마 에비뉴엘(명동)','서울시','중구',_binary '\0',_binary '\0',_binary '\0',_binary '',_binary '\0','중구 남대문로 2가 130 (소공동 에비뉴엘 6층, 7층)',NULL,NULL),(11,'메가박스 동대문','서울시','중구',_binary '\0',_binary '\0',_binary '\0',_binary '',_binary '\0','중구 장충단로 247 굿모닝시티 9층 (을지로 6가 21번지)',NULL,NULL),(12,'서울아트시네마','서울시','중구',_binary '\0',_binary '\0',_binary '\0',_binary '\0',_binary '\0','중구 정동길 3 경향아트힐 2층',NULL,NULL),(13,'청춘극장','서울시','중구',_binary '\0',_binary '\0',_binary '\0',_binary '\0',_binary '\0','중구 새문안로 22(충정로 1가 문화일보홀)',NULL,NULL),(14,'CGV용산아이파크몰','서울시','용산구',_binary '',_binary '\0',_binary '',_binary '',_binary '','용산구 한강대로 23길 55, 6층 (한강로 3가 40-1 용산민자역사 6층)',NULL,NULL),(15,'롯데시네마 용산','서울시','용산구',_binary '\0',_binary '\0',_binary '\0',_binary '',_binary '\0','용산구 청파로 3가 74 용산전자랜드 4~5층 (한강로 3가 16-9)',NULL,NULL),(16,'CGV왕십리','서울시','성동구',_binary '',_binary '\0',_binary '',_binary '',_binary '','성동구 왕십리광장로 17, 5층 (행당동 왕십리 민자역사 4층~6층)',NULL,NULL),(17,'메가박스 성수','서울시','성동구',_binary '\0',_binary '',_binary '\0',_binary '',_binary '\0','성동구 왕십리로 50, 3층 (성수동1가)',NULL,NULL),(18,'CGV강변','서울시','광진구',_binary '',_binary '\0',_binary '\0',_binary '',_binary '\0','광진구 광나루로 56길 85 (구의동 546-4 테크노마트 10층)',NULL,NULL),(19,'CGV건대입구','서울시','광진구',_binary '\0',_binary '\0',_binary '\0',_binary '\0',_binary '\0','광진구 아차산로 30길 26',NULL,NULL),(20,'KU시네마테크','서울시','광진구',_binary '\0',_binary '\0',_binary '\0',_binary '\0',_binary '\0','광진구 능동로 120 건국대학교 예술문화대학 B108 (화양동 1번지)',NULL,NULL),(21,'롯데시네마 건대입구','서울시','광진구',_binary '\0',_binary '\0',_binary '\0',_binary '',_binary '\0','광진구 아차산로 272 (자양동 227-7번지 스타시티 2층)',NULL,NULL),(22,'메가박스 군자','서울시','광진구',_binary '\0',_binary '\0',_binary '\0',_binary '\0',_binary '\0','광진구 능동로 289 (군자동)',NULL,NULL),(23,'롯데시네마 청량리','서울시','동대문구',_binary '',_binary '\0',_binary '\0',_binary '\0',_binary '\0','동대문구 왕산로 214 (전농동)',NULL,NULL),(24,'CGV상봉','서울시','중랑구',_binary '',_binary '\0',_binary '\0',_binary '\0',_binary '','중랑구 상봉로 131',NULL,NULL),(25,'롯데시네마 중랑','서울시','중랑구',_binary '\0',_binary '\0',_binary '\0',_binary '',_binary '\0','중랑구 동일로 951',NULL,NULL),(26,'메가박스 상봉','서울시','중랑구',_binary '\0',_binary '\0',_binary '\0',_binary '',_binary '\0','중랑구 망우로 30길 3 (상봉동 130-3번지)',NULL,NULL),(27,'CGV성신여대입구','서울시','성북구',_binary '\0',_binary '\0',_binary '\0',_binary '',_binary '\0','성북구 동소문로 106, 10층/12층 (동선동 1가)',NULL,NULL),(28,'아리랑시네센터','서울시','성북구',_binary '\0',_binary '\0',_binary '\0',_binary '\0',_binary '\0','성북구 아리랑로 82 (돈암동 538-98)',NULL,NULL),(29,'CGV미아','서울시','강북구',_binary '\0',_binary '\0',_binary '\0',_binary '\0',_binary '\0','강북구 도봉로 34, 9층 (미아동 35-4 트레지오 쇼핑몰 9층)',NULL,NULL),(30,'CGV수유','서울시','강북구',_binary '\0',_binary '\0',_binary '\0',_binary '\0',_binary '\0','강북구 도봉로 399 (수유동 168-12)',NULL,NULL),(31,'롯데시네마 수유','서울시','강북구',_binary '\0',_binary '\0',_binary '\0',_binary '\0',_binary '\0','강북구 도봉로 308, 10~14층',NULL,NULL),(32,'CGV방학','서울시','도봉구',_binary '',_binary '\0',_binary '\0',_binary '\0',_binary '\0','도봉구 도봉로 684, 4~8층',NULL,NULL),(33,'메가박스 창동','서울시','도봉구',_binary '\0',_binary '\0',_binary '\0',_binary '\0',_binary '\0','도봉구 도봉로 558(창동)',NULL,NULL),(34,'CGV중계','서울시','노원구',_binary '',_binary '\0',_binary '\0',_binary '',_binary '','노원구 동일로 204가길 12, 8층 (중계동 509-2)',NULL,NULL),(35,'CGV하계','서울시','노원구',_binary '\0',_binary '\0',_binary '\0',_binary '\0',_binary '\0','노원구 섬밭로 258 지하 1층 (중계동 506-1 건영백화점)',NULL,NULL),(36,'더숲 아트시네마','서울시','노원구',_binary '\0',_binary '\0',_binary '\0',_binary '\0',_binary '\0','노원구 노해로 480 조광빌딩 지하1층',NULL,NULL),(37,'롯데시네마 노원','서울시','노원구',_binary '',_binary '\0',_binary '\0',_binary '\0',_binary '\0','노원구 동일로 1414 롯데백화점 10층 (상계동 713)',NULL,NULL),(38,'CGV불광','서울시','은평구',_binary '\0',_binary '\0',_binary '\0',_binary '\0',_binary '\0','은평구 불광로 20, 11층 (대조동 14-24 팜스퀘어 11층)',NULL,NULL),(39,'롯데시네마 은평(롯데몰)','서울시','은평구',_binary '\0',_binary '',_binary '\0',_binary '\0',_binary '\0','은평구 진관동 79-31, 롯데몰 5층',NULL,NULL),(40,'CGV신촌아트레온','서울시','서대문구',_binary '',_binary '\0',_binary '\0',_binary '\0',_binary '','서대문구 신촌로 129, 2층 (창천동 20-24, 20-25)',NULL,NULL),(41,'라이카시네마','서울시','서대문구',_binary '\0',_binary '\0',_binary '\0',_binary '\0',_binary '\0','서대문구 연희로 8길 18, 스페이스독 지하1층',NULL,NULL),(42,'메가박스 신촌','서울시','서대문구',_binary '\0',_binary '\0',_binary '\0',_binary '',_binary '\0','서대문구 신촌역로 30 밀리오레 5층 (신촌동 74-12)',NULL,NULL),(43,'아트하우스 모모','서울시','서대문구',_binary '\0',_binary '\0',_binary '\0',_binary '\0',_binary '\0','서대문구 이화여대길 52 이화여자대학교 ECC 402-4 (대현동)',NULL,NULL),(44,'필름포럼','서울시','서대문구',_binary '\0',_binary '\0',_binary '\0',_binary '\0',_binary '\0','서대문구 성산로 527 지하1층 (대신동 85-1 하늬솔빌딩)',NULL,NULL),(45,'CGV연남','서울시','마포구',_binary '',_binary '\0',_binary '\0',_binary '',_binary '\0','마포구 양화로 186 (동교동)',NULL,NULL),(46,'CGV홍대','서울시','마포구',_binary '\0',_binary '\0',_binary '\0',_binary '\0',_binary '','마포구 양화로 153 (동교동) 3층',NULL,NULL),(47,'KT&G 상상마당 시네마','서울시','마포구',_binary '\0',_binary '\0',_binary '\0',_binary '\0',_binary '\0','마포구 어울마당로 65 지하4층 (서교동 367-5)',NULL,NULL),(48,'롯데시네마 합정','서울시','마포구',_binary '\0',_binary '\0',_binary '\0',_binary '\0',_binary '\0','마포구 양화로 45 메세나폴리스 2층 (합정동 481-1)',NULL,NULL),(49,'롯데시네마 홍대입구','서울시','마포구',_binary '\0',_binary '\0',_binary '\0',_binary '\0',_binary '\0','마포구 양화로 176 와이즈파크 8층 (동교동166-6번지)',NULL,NULL),(50,'메가박스 상암월드컵경기장','서울시','마포구',_binary '\0',_binary '',_binary '\0',_binary '',_binary '\0','마포구 월드컵로 240 월드컵몰 1층',NULL,NULL),(51,'메가박스 홍대','서울시','마포구',_binary '\0',_binary '\0',_binary '\0',_binary '\0',_binary '\0','마포구 양화로 147 아일렉스 7층 (동교동 160-4)',NULL,NULL),(52,'모노플렉스앳라이즈','서울시','마포구',_binary '\0',_binary '\0',_binary '\0',_binary '\0',_binary '\0','마포구 양화로 130, 4층',NULL,NULL),(53,'인디스페이스','서울시','마포구',_binary '\0',_binary '\0',_binary '\0',_binary '\0',_binary '\0','마포구 양화로 176, (동교동) 동교동 스타피카소 8층',NULL,NULL),(54,'메가박스 더 부티크 목동현대백화점','서울시','양천구',_binary '\0',_binary '\0',_binary '\0',_binary '',_binary '\0','양천구 목동 목동동로 257',NULL,NULL),(55,'메가박스 목동','서울시','양천구',_binary '\0',_binary '',_binary '\0',_binary '',_binary '\0','양천구 목동동로 309 행복한세상백화점 6층 (목동 917-6)',NULL,NULL),(56,'CGV등촌','서울시','강서구',_binary '\0',_binary '\0',_binary '\0',_binary '\0',_binary '','강서구 공항대로45길 63, 3~9층 (등촌동)',NULL,NULL),(57,'롯데시네마 가양','서울시','강서구',_binary '\0',_binary '\0',_binary '\0',_binary '',_binary '\0','강서구 양천로 476 (등촌동)',NULL,NULL),(58,'롯데시네마 김포공항','서울시','강서구',_binary '',_binary '\0',_binary '\0',_binary '',_binary '\0','강서구 하늘길 77 롯데몰 (방화동 하늘길 38)',NULL,NULL),(59,'메가박스 마곡','서울시','강서구',_binary '\0',_binary '\0',_binary '\0',_binary '\0',_binary '\0','강서구 공항대로 247 퀸즈파크나인 B동 4층',NULL,NULL),(60,'메가박스 화곡','서울시','강서구',_binary '\0',_binary '\0',_binary '\0',_binary '\0',_binary '\0','강서구 화곡로 142 메가스퀘어 4층',NULL,NULL),(61,'CGV구로','서울시','구로구',_binary '\0',_binary '\0',_binary '\0',_binary '',_binary '','구로구 구로중앙로 152 (구로동 573 애경백화점 5층)',NULL,NULL),(62,'롯데시네마 신도림','서울시','구로구',_binary '\0',_binary '\0',_binary '\0',_binary '\0',_binary '\0','구로구 경인로 662 디큐브시티 7층 (신도림동 692)',NULL,NULL),(63,'씨네Q 신도림','서울시','구로구',_binary '\0',_binary '\0',_binary '\0',_binary '',_binary '\0','구로구 새말로 97 신도림테크노마트 12층',NULL,NULL),(64,'롯데시네마 가산디지털','서울시','금천구',_binary '',_binary '\0',_binary '\0',_binary '\0',_binary '\0','금천구 디지털로 10길 9 현대아울렛쇼핑몰 (가산동)',NULL,NULL),(65,'롯데시네마 독산','서울시','금천구',_binary '\0',_binary '\0',_binary '\0',_binary '\0',_binary '\0','금천구 시흥대로 399 시티렉스 6층',NULL,NULL),(66,'CGV여의도','서울시','영등포구',_binary '',_binary '\0',_binary '\0',_binary '',_binary '','영등포구 국제금융로 10, 지하3층 (여의도동 국제금융로 10)',NULL,NULL),(67,'CGV영등포','서울시','영등포구',_binary '',_binary '\0',_binary '',_binary '',_binary '','영등포구 영산로 15, 4층 (영등포동 4가 441-10번지 경방 타임스퀘어 4~7층)',NULL,NULL),(68,'롯데시네마 영등포','서울시','영등포구',_binary '\0',_binary '\0',_binary '\0',_binary '\0',_binary '\0','영등포구 경인로 102길 13 (영등포동 618-496)',NULL,NULL),(69,'롯데시네마 신대방','서울시','동작구',_binary '\0',_binary '\0',_binary '\0',_binary '',_binary '\0','동작구 시흥대로 606, B2F (신대방동)',NULL,NULL),(70,'메가박스 이수','서울시','동작구',_binary '\0',_binary '\0',_binary '\0',_binary '\0',_binary '\0','동작구 동작대로 89 골든시네마타워 7층 (사당1동 147-53)',NULL,NULL),(71,'아트나인','서울시','동작구',_binary '\0',_binary '\0',_binary '\0',_binary '\0',_binary '\0','동작구 동작대로 89 골든시네마 12층',NULL,NULL),(72,'롯데시네마 서울대입구','서울시','관악구',_binary '\0',_binary '\0',_binary '\0',_binary '\0',_binary '\0','관악구 남부순환로 1820 (봉천동 862-1 에그옐로우 10층)',NULL,NULL),(73,'롯데시네마 신림','서울시','관악구',_binary '\0',_binary '\0',_binary '\0',_binary '\0',_binary '\0','관악구 신림로 330, 10층 (신림동 1641-2 포도몰 10층)',NULL,NULL),(74,'CGV살롱 서초','서울시','서초구',_binary '\0',_binary '\0',_binary '\0',_binary '',_binary '\0','서초구 효령로 391, B2층 (서초동)',NULL,NULL),(75,'메가박스 강남','서울시','서초구',_binary '\0',_binary '\0',_binary '\0',_binary '',_binary '\0','서초구 서초대로 77길 3 아라타워 8층 (서초동 1317-20)',NULL,NULL),(76,'메가박스 센트럴','서울시','서초구',_binary '\0',_binary '\0',_binary '\0',_binary '\0',_binary '\0','서초구 신반포로 176 센트럴시티빌딩 지하1층(반포동 19-3)',NULL,NULL),(77,'CGV강남','서울시','강남구',_binary '\0',_binary '\0',_binary '\0',_binary '\0',_binary '','강남구 강남대로 438 (역삼동 814-6 스타플렉스)',NULL,NULL),(78,'CGV압구정','서울시','강남구',_binary '\0',_binary '\0',_binary '',_binary '\0',_binary '\0','강남구 압구정로 30길 45 (신사동 603-2)',NULL,NULL),(79,'CGV청담씨네시티','서울시','강남구',_binary '',_binary '\0',_binary '\0',_binary '',_binary '\0','강남구 도산대로 323 (신사동 651-21)',NULL,NULL),(80,'롯데시네마 도곡','서울시','강남구',_binary '\0',_binary '\0',_binary '\0',_binary '',_binary '\0','강남구 남부순환로 2753',NULL,NULL),(81,'메가박스 브로드웨이(신사)','서울시','강남구',_binary '\0',_binary '\0',_binary '\0',_binary '\0',_binary '\0','강남구 도산대로 8길 8 (논현동 3-5)',NULL,NULL),(82,'메가박스 코엑스','서울시','강남구',_binary '',_binary '',_binary '\0',_binary '',_binary '\0','강남구 봉은사로 524 코엑스몰 B1 (삼성동 159)',NULL,NULL),(83,'시티극장','서울시','강남구',_binary '\0',_binary '\0',_binary '\0',_binary '\0',_binary '\0','강남구 강남대로 422, 시티빌딩 지하2층',NULL,NULL),(84,'픽처하우스','서울시','강남구',_binary '\0',_binary '\0',_binary '\0',_binary '\0',_binary '\0','강남구 압구정로10길 9 (대원빌딩 B2)',NULL,NULL),(85,'CGV송파','서울시','송파구',_binary '',_binary '\0',_binary '\0',_binary '\0',_binary '','송파구 충민로 66, 10층 (장지동 201-27 가든파이브 라이프 영관 10층)',NULL,NULL),(86,'롯데시네마 월드타워','서울시','송파구',_binary '',_binary '',_binary '\0',_binary '',_binary '\0','송파구 올림픽로 300 엔터동 5~11층',NULL,NULL),(87,'메가박스 송파파크하비오','서울시','송파구',_binary '\0',_binary '\0',_binary '\0',_binary '\0',_binary '\0','송파구 송파대로 111, 204동 지하1층',NULL,NULL),(88,'CGV천호','서울시','강동구',_binary '\0',_binary '\0',_binary '',_binary '\0',_binary '','강동구 양재대로 1571 홈플러스 4층',NULL,NULL),(89,'롯데시네마 강동','서울시','강동구',_binary '\0',_binary '\0',_binary '\0',_binary '\0',_binary '\0','강동구 천호옛길 85 (성내동 44-1)',NULL,NULL),(90,'메가박스 강동','서울시','강동구',_binary '\0',_binary '\0',_binary '\0',_binary '\0',_binary '\0','강동구 성내로 48',NULL,NULL);
/*!40000 ALTER TABLE `cinemas` ENABLE KEYS */;
UNLOCK TABLES;

--
-- Table structure for table `funding_categories`
--

DROP TABLE IF EXISTS `funding_categories`;
/*!40101 SET @saved_cs_client     = @@character_set_client */;
/*!50503 SET character_set_client = utf8mb4 */;
CREATE TABLE `funding_categories` (
  `category_id` bigint NOT NULL,
  `funding_id` bigint NOT NULL,
  PRIMARY KEY (`category_id`,`funding_id`),
  KEY `FKaatsbeepomo41litlgkife21k` (`funding_id`),
  CONSTRAINT `FK88ver21t0yqmf1sxdup0xb1ys` FOREIGN KEY (`category_id`) REFERENCES `categories` (`category_id`),
  CONSTRAINT `FKaatsbeepomo41litlgkife21k` FOREIGN KEY (`funding_id`) REFERENCES `fundings` (`funding_id`)
) ENGINE=InnoDB DEFAULT CHARSET=utf8mb4 COLLATE=utf8mb4_0900_ai_ci;
/*!40101 SET character_set_client = @saved_cs_client */;

--
-- Dumping data for table `funding_categories`
--

LOCK TABLES `funding_categories` WRITE;
/*!40000 ALTER TABLE `funding_categories` DISABLE KEYS */;
/*!40000 ALTER TABLE `funding_categories` ENABLE KEYS */;
UNLOCK TABLES;

--
-- Table structure for table `funding_estimate_days`
--

DROP TABLE IF EXISTS `funding_estimate_days`;
/*!40101 SET @saved_cs_client     = @@character_set_client */;
/*!50503 SET character_set_client = utf8mb4 */;
CREATE TABLE `funding_estimate_days` (
  `estimation_id` bigint NOT NULL AUTO_INCREMENT,
  `max_date` date NOT NULL,
  `min_date` date NOT NULL,
  `funding_id` bigint DEFAULT NULL,
  PRIMARY KEY (`estimation_id`),
  UNIQUE KEY `UKrixr7qryueo5ulbcjw0pi1jsx` (`funding_id`),
  CONSTRAINT `FK51w62ypoqf3q0mmsfbfg6n61l` FOREIGN KEY (`funding_id`) REFERENCES `fundings` (`funding_id`)
) ENGINE=InnoDB AUTO_INCREMENT=39 DEFAULT CHARSET=utf8mb4 COLLATE=utf8mb4_0900_ai_ci;
/*!40101 SET character_set_client = @saved_cs_client */;

--
-- Dumping data for table `funding_estimate_days`
--

LOCK TABLES `funding_estimate_days` WRITE;
/*!40000 ALTER TABLE `funding_estimate_days` DISABLE KEYS */;
INSERT INTO `funding_estimate_days` VALUES (1,'2025-09-25','2025-09-25',12),(2,'2025-09-18','2025-09-18',13),(3,'2025-09-19','2025-09-19',14),(4,'2025-09-25','2025-09-25',15),(12,'2025-10-08','2025-10-03',74),(15,'2025-10-09','2025-10-04',79),(17,'2025-10-09','2025-10-04',81),(18,'2025-10-08','2025-10-03',82),(19,'2025-10-08','2025-10-03',83),(21,'2025-11-19','2025-11-14',88),(22,'2025-10-09','2025-10-04',130),(23,'2025-10-09','2025-10-04',131),(24,'2025-10-07','2025-10-02',133),(25,'2025-10-06','2025-10-01',136),(26,'2025-10-08','2025-10-03',138),(28,'2025-11-01','2025-10-04',144),(29,'2025-11-04','2025-10-08',146),(30,'2025-11-05','2025-10-30',147),(31,'2025-11-27','2025-11-18',149),(32,'2025-10-04','2025-10-03',153),(34,'2025-10-04','2025-10-04',159),(35,'2025-10-23','2025-10-03',161),(37,'2025-11-01','2025-10-30',179),(38,'2025-10-09','2025-10-06',180);
/*!40000 ALTER TABLE `funding_estimate_days` ENABLE KEYS */;
UNLOCK TABLES;

--
-- Table structure for table `funding_stats`
--

DROP TABLE IF EXISTS `funding_stats`;
/*!40101 SET @saved_cs_client     = @@character_set_client */;
/*!50503 SET character_set_client = utf8mb4 */;
CREATE TABLE `funding_stats` (
  `stat_id` bigint NOT NULL AUTO_INCREMENT,
  `favorite_count` int NOT NULL DEFAULT '0',
  `participant_count` int NOT NULL DEFAULT '0',
  `recommend_score` double NOT NULL DEFAULT '0',
  `view_count` int NOT NULL DEFAULT '0',
  `funding_id` bigint DEFAULT NULL,
  PRIMARY KEY (`stat_id`),
  KEY `FKe127hevrfaqmef3cqrh6cwi89` (`funding_id`),
  CONSTRAINT `FKe127hevrfaqmef3cqrh6cwi89` FOREIGN KEY (`funding_id`) REFERENCES `fundings` (`funding_id`)
) ENGINE=InnoDB AUTO_INCREMENT=171 DEFAULT CHARSET=utf8mb4 COLLATE=utf8mb4_0900_ai_ci;
/*!40101 SET character_set_client = @saved_cs_client */;

--
-- Dumping data for table `funding_stats`
--

LOCK TABLES `funding_stats` WRITE;
/*!40000 ALTER TABLE `funding_stats` DISABLE KEYS */;
INSERT INTO `funding_stats` VALUES (2,2,0,3.342599109666885,13,12),(3,2,0,3.7248744024626785,11,13),(4,1,0,2.183979563672705,7,14),(5,2,0,2.339474482723203,22,15),(6,0,0,0,4,16),(7,2,0,2.0793905336128913,26,17),(8,0,0,0,7,18),(9,2,1,0.41194731661155515,213,19),(10,1,0,0.2574630307406962,141,20),(11,1,0,0.8008961618185352,32,21),(12,0,0,0,18,22),(13,2,6,0.40272100151386697,219,23),(16,0,0,0,7,26),(18,1,0,1.4193288944937246,14,28),(19,2,1,0.5384213667721325,153,29),(21,0,0,0,2,31),(22,0,0,0,2,32),(23,2,0,3.342599109666885,13,33),(26,0,0,0,35,36),(27,0,0,0,2,37),(38,1,2,0.5850240691693781,49,48),(40,1,1,0.3703980887249223,89,50),(41,0,1,0,9,51),(42,1,1,0.5677053408131423,51,52),(43,1,1,1.0450512083324894,22,53),(44,1,0,1.4193288944937246,14,54),(45,2,1,0.7550353002741819,100,55),(46,1,1,0.6234780634022132,45,56),(47,0,1,3.2176872881355905e-16,22,57),(48,3,1,0.991180244770451,129,58),(49,0,0,0,6,59),(50,0,0,0,4,60),(51,1,1,0.9293225030822675,26,61),(52,1,0,1.1563417157732059,19,62),(54,1,0,1.658438532708385,11,64),(64,3,0,3.5445015999202703,24,74),(65,10,1,2.4255471306007856,238,75),(68,1,0,1.1563417157732059,19,78),(69,0,0,0,83,79),(70,2,1,1.0938753077021337,62,80),(71,1,0,0.76643260847159,34,81),(72,3,0,0.751602510649376,182,82),(73,5,0,2.3291837600788243,93,83),(74,1,0,0.9554668957118497,25,84),(75,2,1,1.7911439803108733,32,85),(77,1,0,0.8008961618185352,32,87),(78,4,0,1.8274269971324746,91,88),(91,3,2,1.637609504933149,68,101),(94,3,0,6.027809748492363,11,104),(105,1,0,1.658438532708385,11,115),(106,2,1,1.8328259590248488,31,116),(107,2,0,2.687759573839398,18,117),(108,2,0,1.8328259590248488,31,118),(109,1,0,1.8792889080240922,9,119),(110,1,1,0.5594665916933523,52,120),(111,3,1,3.0954481409767145,29,121),(112,1,0,1.1997770846541451,18,122),(113,4,1,2.6967004814113364,55,123),(114,5,1,2.5705657025098794,82,124),(116,4,2,2.65996178554097,56,126),(117,3,2,3.652930199934775,23,127),(118,3,0,3.4431229503811305,25,128),(119,2,1,3.7248744024626785,11,129),(120,3,0,6.8560764180993035,9,130),(121,2,0,4.544949348493901,8,131),(122,2,1,1.8767617621371369,30,132),(123,3,0,3.3480971160052797,26,133),(124,0,1,-3.7170090498706474e-16,31,134),(125,1,1,0.5151129684088308,58,135),(126,1,0,1.3561048028054608,15,136),(127,3,1,1.2839454413128872,93,137),(128,4,0,3.247020366417799,43,138),(129,6,1,1.6971784259650884,180,139),(130,0,1,0,54,140),(131,2,0,0.6452002675334227,122,141),(132,3,0,4.507864223365013,17,142),(133,2,1,0.613395831032288,130,143),(134,3,0,4.507864223365013,17,144),(135,5,2,3.3595221790445224,58,145),(136,2,0,4.544949348493901,8,146),(137,5,0,11.131536093678065,11,147),(138,2,1,2.794499012632196,17,148),(139,4,0,7.608758396769612,13,149),(140,2,0,3.7248744024626785,11,150),(141,3,3,1.242194928540699,97,151),(142,2,3,2.339474482723203,22,152),(143,4,0,6.905641076359995,15,153),(144,4,1,5.2911237276039875,22,154),(145,2,1,2.911490272199128,16,155),(146,3,1,2.5912912435691684,37,156),(148,3,1,5.40147094054996,13,158),(149,5,0,4.811551706738546,36,159),(150,4,0,3.6310781662372573,37,161),(151,4,1,4.830723049790517,25,162),(152,1,0,3.4162393573182106,3,163),(153,2,0,4.227438209207508,9,164),(154,2,0,3.957589652720491,10,165),(155,2,0,3.521737672438735,12,166),(156,2,0,7.8520591770129,3,167),(158,4,1,6.607158467411077,16,169),(159,2,0,6.757209229798651,4,170),(160,2,0,2.5899182587775376,19,171),(161,1,1,1.079356195297773,21,172),(162,1,0,2.9671658225410638,4,173),(163,1,0,1.1163379237208273,20,174),(164,0,0,0,3,175),(166,0,1,0,7,177),(167,1,0,1.4897857630045537,13,178),(168,0,0,0,0,179),(169,0,0,0,6,180),(170,1,0,5.257247798255958,1,181);
/*!40000 ALTER TABLE `funding_stats` ENABLE KEYS */;
UNLOCK TABLES;

--
-- Table structure for table `funding_transactions`
--

DROP TABLE IF EXISTS `funding_transactions`;
/*!40101 SET @saved_cs_client     = @@character_set_client */;
/*!50503 SET character_set_client = utf8mb4 */;
CREATE TABLE `funding_transactions` (
  `transaction_id` bigint NOT NULL AUTO_INCREMENT,
  `created_at` datetime(6) DEFAULT NULL,
  `balance` int DEFAULT NULL,
  `state` enum('ERROR','SUCCESS') DEFAULT NULL,
  `transaction_unique_no` varchar(255) NOT NULL,
  `cinema_id` bigint NOT NULL,
  `funding_id` bigint NOT NULL,
  `processed_at` datetime(6) DEFAULT NULL,
  PRIMARY KEY (`transaction_id`),
  KEY `FKs5qhi11vafxgx9274orvitkgq` (`cinema_id`),
  KEY `FK9se69s4lpwm9rwx9t6xee291b` (`funding_id`),
  CONSTRAINT `FK9se69s4lpwm9rwx9t6xee291b` FOREIGN KEY (`funding_id`) REFERENCES `fundings` (`funding_id`),
  CONSTRAINT `FKs5qhi11vafxgx9274orvitkgq` FOREIGN KEY (`cinema_id`) REFERENCES `cinemas` (`cinema_id`)
) ENGINE=InnoDB AUTO_INCREMENT=7 DEFAULT CHARSET=utf8mb4 COLLATE=utf8mb4_0900_ai_ci;
/*!40101 SET character_set_client = @saved_cs_client */;

--
-- Dumping data for table `funding_transactions`
--

LOCK TABLES `funding_transactions` WRITE;
/*!40000 ALTER TABLE `funding_transactions` DISABLE KEYS */;
INSERT INTO `funding_transactions` VALUES (5,'2025-09-24 14:27:09.000000',500000,'SUCCESS','TXN123213213323',78,132,'2025-09-24 14:27:54.000000');
/*!40000 ALTER TABLE `funding_transactions` ENABLE KEYS */;
UNLOCK TABLES;

--
-- Table structure for table `fundings`
--

DROP TABLE IF EXISTS `fundings`;
/*!40101 SET @saved_cs_client     = @@character_set_client */;
/*!50503 SET character_set_client = utf8mb4 */;
CREATE TABLE `fundings` (
  `funding_id` bigint NOT NULL AUTO_INCREMENT,
  `created_at` datetime(6) DEFAULT NULL,
  `banner_url` varchar(255) NOT NULL,
  `content` text,
  `ends_on` date DEFAULT NULL,
  `funding_account` varchar(255) DEFAULT NULL,
  `funding_type` enum('FUNDING','VOTE') NOT NULL,
  `max_people` int NOT NULL,
  `screen_day` date DEFAULT NULL,
  `screen_ends_on` tinyint DEFAULT NULL,
  `screen_starts_on` tinyint DEFAULT NULL,
  `state` enum('EVALUATING','FAILED','ON_PROGRESS','REJECTED','SUCCESS','VOTING','WAITING') NOT NULL,
  `summary` varchar(100) DEFAULT NULL,
  `title` varchar(50) DEFAULT NULL,
  `video_name` varchar(100) NOT NULL,
  `cinema_id` bigint NOT NULL,
  `leader_id` bigint NOT NULL,
  `screen_id` bigint DEFAULT NULL,
  `category_id` bigint NOT NULL,
  `video_content` text,
  `ticket_banner` varchar(255) DEFAULT NULL,
  PRIMARY KEY (`funding_id`),
  KEY `FKcw13cjshdtnhwptccce0pis6j` (`cinema_id`),
  KEY `FKqjd2li7obbd0r1br9gp77kc0` (`leader_id`),
  KEY `FK1nyl082n7a80davoqwg7qp6oh` (`screen_id`),
  KEY `FKbtq75o65hykva6f78kw4s62p5` (`category_id`),
  CONSTRAINT `FK1nyl082n7a80davoqwg7qp6oh` FOREIGN KEY (`screen_id`) REFERENCES `screens` (`screen_id`),
  CONSTRAINT `FKbtq75o65hykva6f78kw4s62p5` FOREIGN KEY (`category_id`) REFERENCES `categories` (`category_id`),
  CONSTRAINT `FKcw13cjshdtnhwptccce0pis6j` FOREIGN KEY (`cinema_id`) REFERENCES `cinemas` (`cinema_id`),
  CONSTRAINT `FKqjd2li7obbd0r1br9gp77kc0` FOREIGN KEY (`leader_id`) REFERENCES `users` (`user_id`)
) ENGINE=InnoDB AUTO_INCREMENT=182 DEFAULT CHARSET=utf8mb4 COLLATE=utf8mb4_0900_ai_ci;
/*!40101 SET character_set_client = @saved_cs_client */;

--
-- Dumping data for table `fundings`
--

LOCK TABLES `fundings` WRITE;
/*!40000 ALTER TABLE `fundings` DISABLE KEYS */;
INSERT INTO `fundings` VALUES (12,'2025-09-18 14:41:54.914162','https://image.tmdb.org/t/p/w500/odnC3IMpqkgX6sOr3gbzGqKe2N0.jpg','많이많이 보러 와','2025-10-02',NULL,'VOTE',0,NULL,NULL,NULL,'ON_PROGRESS',NULL,'더 듄 볼 사람','더 듄: 플래닛',5,8,NULL,6,NULL,NULL),(13,'2025-09-18 14:47:40.800268','https://image.tmdb.org/t/p/w500/24yyckA68QnwX3zh0UF6V6LYXIz.jpg','20대 모여라','2025-10-02',NULL,'VOTE',0,NULL,NULL,NULL,'ON_PROGRESS',NULL,'러브,브루클린','러브, 브루클린',3,11,NULL,5,NULL,NULL),(14,'2025-09-18 14:51:26.646821','https://image.tmdb.org/t/p/w500/nIHvkb3M1B9TnaiaABsfTzmFMYP.jpg','누구든지 환영','2025-10-02',NULL,'VOTE',0,NULL,NULL,NULL,'ON_PROGRESS',NULL,'F1 시원한 영화관에서 함께 보자','F1',3,11,NULL,6,NULL,NULL),(15,'2025-09-18 14:58:38.961634','https://image.tmdb.org/t/p/w500/pGs6UA4rPUZEokDyTwAGdRvwrAD.jpg','1기입니다.... 엄근진하게 알려드립니다. 1기입니다.','2025-10-02',NULL,'VOTE',0,NULL,NULL,NULL,'ON_PROGRESS',NULL,'환혼','환혼',79,8,NULL,9,NULL,NULL),(16,'2025-09-16 15:14:26.239537','https://image.tmdb.org/t/p/w500/3l1ATCYNuHep6evzX8GSUigWOLs.jpg','아기친화적인 영화관 환경입니다. 주의해주세ㅛㅇ.','2025-10-01','0013794904814448','FUNDING',120,'2025-10-07',19,11,'ON_PROGRESS',NULL,'아기들도 환영해요','사운드 오브 뮤직',30,11,179,7,NULL,NULL),(17,'2025-09-18 15:21:28.797641','https://image.tmdb.org/t/p/w500/zYVzWFobhJXLyrkjKRsmQaa1YyG.jpg','마녀를 잡고서 뭐할려는 걸랑가','2025-09-30','0011256496225233','FUNDING',100,'2025-10-04',17,10,'ON_PROGRESS',NULL,'마녀를 잡아라','마녀를 잡아라',5,11,19,9,NULL,NULL),(18,'2025-09-18 15:22:57.641806','https://image.tmdb.org/t/p/w500/vpfbKUkvOrv0atZMlHAzNqAAhEL.jpg','이런 영화는 무엇일까요?','2025-09-30','0019967380539793','FUNDING',80,'2025-10-04',19,11,'ON_PROGRESS',NULL,'입술은 안돼요','입술은 안돼요',4,11,17,5,NULL,NULL),(19,'2025-09-20 16:02:02.538943','https://image.tmdb.org/t/p/w500/3l1ATCYNuHep6evzX8GSUigWOLs.jpg','음악없는 삶은 살 의미가 없을지도...','2025-09-30','0017863532562672','FUNDING',100,'2025-09-24',15,7,'FAILED',NULL,'사운드 오브 뮤직 봅시다!!','사운드 오브 뮤직',5,8,1,17,NULL,NULL),(20,'2025-09-23 16:05:20.934244','https://image.tmdb.org/t/p/w500/3l1ATCYNuHep6evzX8GSUigWOLs.jpg','도레미친사람들','2025-09-12','0010331255830526','FUNDING',20,'2025-09-19',17,10,'REJECTED',NULL,'도레미송 부르러 오세요','사운드 오브 뮤직',90,11,565,17,NULL,NULL),(21,'2025-09-18 16:06:03.928582','https://image.tmdb.org/t/p/w500/3l1ATCYNuHep6evzX8GSUigWOLs.jpg','싱어롱으로 합니다. 다들 영화속 인물처럼 입고오세요.','2025-09-12','0013945975378889','FUNDING',31,'2025-09-19',20,11,'SUCCESS',NULL,'추억의 영화, 같이 봐요','사운드 오브 뮤직',31,8,188,17,'test','https://j13a110.p.ssafy.io/api/image/ticket-2f426a0b-28a6-4b06-95d7-010c462b9b45.mp4'),(22,'2025-09-18 16:07:24.144646','https://image.tmdb.org/t/p/w500/e9pzbR8cqJi5pfOhaSbemrznj9z.jpg','흑영사 생성을 표현하는 패션으로 오세요.','2025-09-30','0019975563099345','FUNDING',60,'2025-10-04',23,20,'ON_PROGRESS',NULL,'흑역사 생성기','흑역사 생성기',79,11,471,5,NULL,NULL),(23,'2025-09-18 16:18:53.051463','https://image.tmdb.org/t/p/w500/m6Dho6hDCcL5KI8mOQNemZAedFI.jpg','우리 같이 귀멸의 칼날 보아요','2025-09-30','0014655965351765','FUNDING',70,'2025-10-03',19,11,'ON_PROGRESS',NULL,'무한성 프라이빗 하게 팬들끼리 봐요','극장판 귀멸의 칼날: 무한성편',77,11,459,9,NULL,NULL),(26,'2025-09-19 11:10:46.569228','https://j13a110.p.ssafy.io/api/image/banner-banner.png','환승소개하려다가 이거 발견해서 ㅎㅎ 같이 봐봐용','2025-10-17','0010875481372336','FUNDING',70,'2025-10-24',12,3,'ON_PROGRESS',NULL,'펀딩입니다','환승',73,11,438,16,NULL,NULL),(28,'2025-09-19 11:37:57.079295','https://j13a110.p.ssafy.io/api/image/banner-dd4fc5da-06a3-44d9-9fd4-a4489a0625c6r.png','영화보며 많이 배웁시다.','2025-09-26','0014990365102162','FUNDING',80,'2025-10-03',17,9,'FAILED',NULL,'씁 청소년은 관람불가','타짜',78,11,462,7,NULL,NULL),(29,'2025-09-19 11:39:49.313825','https://j13a110.p.ssafy.io/api/image/banner-a7bfbdc5-a08f-4bf3-9ac7-278a1876f5f9r.png','신난다','2025-09-27','0019453454589327','FUNDING',90,'2025-10-04',18,11,'FAILED',NULL,'밤에 보면 10배로 무서움','곤지암',14,8,69,6,NULL,NULL),(31,'2025-09-19 13:47:09.705686','https://j13a110.p.ssafy.io/api/image/banner-760ad8db-a4e6-4ce6-b277-6668b03f005ar.png','싱어롱 상영관으로 다같이 노래를 불러야 합니다. 마이크 각각 다시고 데시벨 작으면 꿀밤 한대씩 갈깁니다.','2025-09-17','0012073861819279','FUNDING',100,'2025-09-24',16,10,'SUCCESS',NULL,'볼 수록 새로운 케데현','케이팝 데몬 헌터스',90,11,565,17,'케이팝 데몬 헌터스','https://j13a110.p.ssafy.io/api/image/ticket-98dce160-6fa9-4845-b0c5-2bc5ad979279.mp4'),(32,'2025-09-19 13:55:34.464674','https://j13a110.p.ssafy.io/api/image/banner-93ca533d-13a5-426c-8416-a92cc86ec534r.png','퀴어 영화인거 같은데... 다양하게 영화를 봐야 시야가 넓어지져 ...','2025-09-30','0012271859579681','FUNDING',90,'2025-10-04',17,9,'ON_PROGRESS',NULL,'예능 아닙니다','환승',89,11,557,16,NULL,NULL),(33,'2025-09-19 13:57:52.790625','https://j13a110.p.ssafy.io/api/image/banner-5279caf0-6be9-4194-a4b5-c6eaf7b71ff4r.png','코스프레도 하고 오세요~','2025-09-30','0012940499899833','FUNDING',30,'2025-10-04',17,12,'ON_PROGRESS',NULL,'케데헌 싱어롱','케이팝 데몬 헌터스',7,11,23,9,'KBO 2025 09',NULL),(36,'2025-09-19 14:40:01.276144','https://j13a110.p.ssafy.io/api/image/banner-4c38eee7-80fa-46ee-8e67-023f30b01815r.png','케데헌 찐팬 짭팬, 노팬 모두 모여라','2025-09-17','0016783998862542','FUNDING',40,'2025-09-24',14,3,'FAILED',NULL,'요즘 많이들 보지만, 저희는 찐팬들만 모여서 봐요','케이팝 데몬 헌터스',80,11,476,5,NULL,NULL),(37,'2025-09-19 14:41:51.467949','https://j13a110.p.ssafy.io/api/image/banner-f181105d-845a-4f0f-9a6d-3689e9a34426r.png','혼문은 열면 안되져... 낙인사람은 또 보소','2025-09-30','0010963717319292','FUNDING',50,'2025-10-04',15,7,'ON_PROGRESS',NULL,'싱어롱으로 혼문 열어요','케이팝 데몬 헌터스',2,11,12,7,'상영물 소개',NULL),(48,'2025-09-19 17:13:09.261434','https://i.namu.wiki/i/-IWOIjvZjHIQEEGHRagMyIyU3K7TeZVa5NzFr9lRnhapqxA-kKgC8M-V0qesxe8WRpYhUKBPCt3HfBnQ5FdQRMLzZKV2rmD3w9vJHAnBxJWFFQW4-FrDhP4tbYMOttMaaj8uGu2pU_9A-5VujPjKSg.webp','듄듄한 영화','2025-09-30','0015608053545198','FUNDING',60,'2025-10-04',18,10,'ON_PROGRESS',NULL,'우주 대서사시, 티모시 팬들도 환영','듄',4,11,17,6,'듄듄',NULL),(50,'2025-09-19 18:52:14.889934','https://j13a110.p.ssafy.io/api/image/banner-bee89f2f-1b4f-44be-8489-e114d5f178b4r.png','환승하지 마세요. 상대방에 대한 예의가 아닙니다.','2025-09-30','0016681472727200','FUNDING',80,'2025-10-04',17,8,'ON_PROGRESS',NULL,'환승 명작이에요','환승',1,11,1,16,'성민은 오늘 애인과 헤어지려고 한다. 전철역에 내려 애인을 기다리며 왜인지 시계를 계속 확인한다. 성민은 선뜻 헤어지자는 소리를 하지 못하고 시간을 끌다 결국 이별을 통보한다.',NULL),(51,'2025-09-20 14:05:48.820450','https://image.tmdb.org/t/p/w500/3l1ATCYNuHep6evzX8GSUigWOLs.jpg','여기서 소개팅도 진행합니다. 응 뻥이야','2025-09-30','0018469315814663','FUNDING',90,'2025-10-04',22,8,'ON_PROGRESS',NULL,'집 갈 때 흥얼거리게 되는 영화, 많이 보러 오세요','사운드 오브 뮤직',19,11,109,7,'알프스의 아름다운 자연에 둘러싸인 오스트리아의 잘츠부르크 수도원. 음악을 사랑하는 말괄량이 견습 수녀 마리아는 원장 수녀의 권유로 해군 명문 집안 폰 트랩가의 가정교사가 된다. 마리아는 좀처럼 마음의 문을 열지 않는 폰 트랩가의 일곱 아이들에게 노래를 가르치며 점차 교감하게 되고, 엄격한 폰 트랩 대령 역시 마음의 문을 열게 된다. 그러던 어느 날, 마리아는 자신이 폰 트랩 대령을 사랑하고 있다는 사실을 깨닫게 되고, 자신만의 비밀을 간직한 채 아이들의 곁을 떠나 다시 수녀원에 들어가기로 결심하는데...',NULL),(52,'2025-09-20 14:14:10.336102','https://image.tmdb.org/t/p/w500/y9jKDJuf5WCDjSPsqkt1cb0JHGm.jpg','공포 영화는 같이 봐야져... ','2025-09-25','0012092204846349','FUNDING',90,'2025-10-04',17,7,'FAILED',NULL,'공포 영화 10명이서만 봐요','컨저링: 마지막 의식',30,8,179,6,'1986년 펜실베니아, 자신의 집에 사악한 존재가 들어왔다고 주장하는 스멀 일가를 조사하던 \'워렌\' 부부가 지금껏 마주한 적 없는 가장 위험하고 강력한 악령에 맞서는 \'컨저링\' 시리즈의 마지막 이야기',NULL),(53,'2025-09-20 14:48:49.602304','https://image.tmdb.org/t/p/w500/krNypFiKeGThhLSYhvMNVSezEua.jpg','지금 알았는데 포스터가 성의가 좀 부족? 합니다잉','2025-09-26','0017129090786268','FUNDING',60,'2025-10-03',22,10,'FAILED',NULL,'미션임파서블 고스트 프로토콜 보실래요?','미션 임파서블: 고스트 프로토콜',59,11,341,5,'러시아 크렘린 궁 폭발 테러 사건에 연루되며 사상 초유의 존립 위기를 맞게 된 IMF. 국가적 분쟁을 피하기 위해 미 정부는 IMF 조직에 대해 고스트 프로토콜을 발동하고, 조직의 과거도 정체도 모두 지워버린다. 순식간에 국제 테러리스트가 되어 버린 특수 비밀요원 이단 헌트는 자신과 조직의 명예를 되찾기 위해 지상 최대의 불가능한 미션을 다시 시작한다. 누구도 좀처럼 믿지 않는 그이지만, 이번만큼은 현재 의지할 수 있는 유일한 동료 세 명과 함께 새로운 팀을 이뤄 임무에 나선다. 그들의 임무는 소련과 미국을 이간질해 핵전쟁을 일으키려는 매드사이언티스트를 막는 것인데...',NULL),(54,'2025-09-20 15:32:04.914483','https://image.tmdb.org/t/p/w500/unEtC8uWn2lcQLnwKG9PZJX0h0c.jpg','명작of명작. 판타지영화는 해리포터와 반지의제왕 이전 이후로 나뉜다....','2025-09-30','0017817378392624','FUNDING',10,'2025-10-04',19,8,'ON_PROGRESS',NULL,'진짜 인생 영화, 영화관에서 너무 보고 싶어요','해리 포터와 마법사의 돌',30,11,178,8,'해리 포터는 위압적인 버논 숙부와 냉담한 이모 페투니아, 욕심 많고 버릇없는 사촌 더즐리 밑에서 갖은 구박을 견디며 계단 밑 벽장에서 생활한다. 이모네 식구들 역시 해리와의 동거가 불편하기는 마찬가지. 이모 페투니아에겐 해리가 이상한 언니 부부에 관한 기억을 떠올리게 만드는 달갑지 않은 존재다. 11살 생일이 며칠 앞으로 다가왔지만 한번도 생일파티를 치르거나 제대로 된 생일선물을 받아 본 적이 없는 해리로서는 특별히 신날 것도 기대 할 것도 없다. 11살 생일을 며칠 앞둔 어느 날 해리에게 초록색 잉크로 쓰여진 한 통의 편지가 배달된다. 그 편지의 내용은 다름 아닌 해리의 11살 생일을 맞이하여 호그와트에서 보낸 입학 초대장이었다. 그리고 해리의 생일을 축하하러 온 거인 해그리드는 해리가 모르고 있었던 해리의 진정한 정체를 알려주는데...',NULL),(55,'2025-09-20 15:44:24.160893','https://image.tmdb.org/t/p/w500/9anPxrpFEW8JZN72x5ZcgvuDRwM.jpg','포스터 좀 구림','2025-09-26','0014793689258293','FUNDING',80,'2025-10-03',18,10,'FAILED',NULL,'버스 환승, 지하철 환승만 하지 말고 환승 보러 오세요','환승',4,11,17,16,'성민은 오늘 애인과 헤어지려고 한다. 전철역에 내려 애인을 기다리며 왜인지 시계를 계속 확인한다. 성민은 선뜻 헤어지자는 소리를 하지 못하고 시간을 끌다 결국 이별을 통보한다.',NULL),(56,'2025-09-20 15:47:49.405412','https://j13a110.p.ssafy.io/api/image/banner-d86f86f9-7aa8-4b36-b728-25d49e93a458r.png','케데헌이 유행이긴 하네요. 저도 유행에 탑승해 볼려고 합니다.','2025-09-30','0017096868429599','FUNDING',30,'2025-10-04',12,3,'ON_PROGRESS',NULL,'케.데.헌.','케이팝 데몬 헌터스',81,11,484,5,'케이팝 데몬 헌터스',NULL),(57,'2025-09-20 15:58:45.804830','https://j13a110.p.ssafy.io/api/image/banner-13b1b2b8-c8bb-46d0-ae9f-62bd7695697ar.png','KBO 같이 보러가실 20대 남성분들 구합니다','2025-09-30','0011412968439985','FUNDING',50,'2025-10-04',19,11,'ON_PROGRESS',NULL,'KBO 같이 보러가실 분','KBO 두산 vs LG',77,11,459,23,'두산 vs LG 한국시리즈 1차전',NULL),(58,'2025-09-20 18:57:43.388920','https://image.tmdb.org/t/p/w500/u8gdbmvbypmVmoCJyPkBiJyvAvv.jpg','진.짜. 미션임파서블','2025-09-30','0018329263534292','FUNDING',80,'2025-10-04',20,9,'ON_PROGRESS',NULL,'폴아웃, 미션임파서블에서 제 최애 에피소드예요','미션 임파서블: 폴아웃',89,11,556,5,'에단 헌트는 세계를 위협하는 테러 조직 신디케이트의 수장 솔로몬 레인을 우여곡절 끝에 체포했지만, 그의 잔당들은 여전히 세계 각지에서 테러를 일삼는다. 에단 헌트와 그의 팀은 테러조직의 핵무기 소지를 막기 위해 미션에 착수한다. 에단 헌트는 작전 수행 중 예상치 못한 결단을 내리게 되고, 중앙정보국 CIA는 그를 견제하기 위해 상급 요원 어거스트 워커를 파견한다. 최악의 테러 위기와 라이벌의 출현 속, 팀이 행한 모든 선의의 선택들이 최악의 결과로 돌아오면서 미션은 점점 더 예측할 수 없는 상황으로 치닫게 되는데...',NULL),(59,'2025-09-20 18:59:39.555134','https://image.tmdb.org/t/p/w500/xul24PvmhG1smXsAcOPCeeuKLUN.jpg','박미선씨의 쾌유를 빌며 봅시다','2025-09-30','0015346547435719','FUNDING',140,'2025-10-04',20,10,'ON_PROGRESS',NULL,'상영회2','미션 파서블',73,11,437,5,'입금만 되면 뭐든 가능해지는 흥신소 사장 우수한 앞에 어느 날 열정 충만 비밀 요원 유다희가 현금 천 만원과 함께 찾아 온다. 무기 밀매 사건을 해결하자며, 대놓고 공조를 요청해 온 것. 혼자일 때보다 둘일 때 더 눈에 띄는 두 사람. 작전을 거듭해 갈수록 사건은 커져만 가고, 형사들이 오해할만한 단서를 여기저기 흘리고 다녀 수배 목록에 오르기도 하지만 아찔한 이 공조를 멈출 수는 없다.',NULL),(60,'2025-09-20 19:57:43.810234','https://image.tmdb.org/t/p/w500/hcXOJtlnrlLBdqCexj9OdlEiiya.jpg','재밌어 보이져? 여기 아니면 평생 보기 어려워 보이져?? 그러면 와야겠져?','2025-10-08','0017668375377393','FUNDING',130,'2025-10-15',22,12,'ON_PROGRESS',NULL,'추억의 애니메이션','이상한 나라의 폴',30,11,181,19,'마법의 세계를 지배하는 마왕을 현실세계에서 온 용감한 소년이 무너트리는 이야기',NULL),(61,'2025-09-20 20:09:27.307225','https://image.tmdb.org/t/p/w500/hvoi0h5hX7cKjatXvbc3gYqT1Xw.jpg','씨네모아 화이팅','2025-10-10','0013510999553875','FUNDING',120,'2025-10-17',23,20,'ON_PROGRESS',NULL,'날으는 양탄자를 4dx에서?','알라딘',90,11,565,5,'알라딘은 전광석화 같은 손놀림과 타고난 삼십육계 줄행랑을 고루 갖춘 아그라바 왕국의 좀도둑이다. 원숭이 친구 아부를 대동한 채 굶주림에 고통받는 아이들을 못 본 척하지 않는 게 그의 인간적인 매력. 어느 날 아그라바 왕국을 다스리는 술탄이 애지중지하는 딸 자스민 공주가 백성들을 살피기 위해 성 밖으로 나왔다가 빵을 훔쳤다는 누명을 쓰게 된다. 마침 그 광경을 목격한 알라딘은 자스민 공주를 위기에서 구해준다. 자스민 공주가 왕궁에서 일하는 시녀인 줄 알고 그녀를 보러 성 안에 들어간 알라딘은 재상 자파에게 붙잡히고 마는데...',NULL),(62,'2025-09-20 21:13:38.290500','https://image.tmdb.org/t/p/w500/5Zxdorl5TharlI9S47YxoKzGCsi.jpg','우주를 배경으로 한 긴장감 넘치는 SF 영화 상영회! 함께 봐용','2025-10-23','0010732538313007','FUNDING',50,'2025-10-30',18,15,'ON_PROGRESS',NULL,'신비한 우주 모험 상영회','미션 임파서블: 파이널 레코닝',88,11,549,8,'디지털상의 모든 정보를 통제할 수 있는 사상 초유의 무기로 인해 전 세계 국가와 조직의 기능이 마비되고, 인류 전체가 위협받는 절체절명의 위기가 찾아온다. 이를 막을 수 있는 건 오직 존재 자체가 기밀인 에단 헌트와 그가 소속된 IMF뿐이다. 무기를 무력화하는 데 반드시 필요한 키를 손에 쥔 에단 헌트. 오랜 동료 루터와 벤지, 그리고 새로운 팀원이 된 그레이스, 파리, 드가와 함께 지금껏 경험했던 그 어떤 상대보다도 강력한 적에 맞서 모두의 운명을 건 불가능한 미션에 뛰어든다.',NULL),(64,'2025-09-20 22:36:35.012601','https://image.tmdb.org/t/p/w500/pWpTToZ32bG09PaZ1rvYG5mpOyV.jpg','컨저링 같이 봐요.','2025-10-01','0012361370420383','FUNDING',13,'2025-10-08',14,13,'ON_PROGRESS',NULL,'컨저링_투표','컨저링',80,11,476,6,'1971년 로드 아일랜드, 해리스빌. 페론 가족은 꿈에 그리던 새 집으로 이사를 간다. 물론 1863년에 그 집에서 일어난 끔찍한 살인 사건을 전혀 몰랐다. 또한 그 이후에 일어난 많은 무서운 사건에 대해서도 알지 못했다. 이 가족은 그 집에서 겪은 일이 너무 무서워서 한 마디라도 외부에 언급하는 것을 거절했었다. 지금까지는…',NULL),(74,'2025-09-20 23:50:45.048446','https://image.tmdb.org/t/p/w500/5Zxdorl5TharlI9S47YxoKzGCsi.jpg','톰백','2025-10-04',NULL,'VOTE',0,NULL,NULL,NULL,'ON_PROGRESS',NULL,'톰형이 돌아왔다','미션 임파서블: 파이널 레코닝',59,11,NULL,5,'디지털상의 모든 정보를 통제할 수 있는 사상 초유의 무기로 인해 전 세계 국가와 조직의 기능이 마비되고, 인류 전체가 위협받는 절체절명의 위기가 찾아온다. 이를 막을 수 있는 건 오직 존재 자체가 기밀인 에단 헌트와 그가 소속된 IMF뿐이다. 무기를 무력화하는 데 반드시 필요한 키를 손에 쥔 에단 헌트. 오랜 동료 루터와 벤지, 그리고 새로운 팀원이 된 그레이스, 파리, 드가와 함께 지금껏 경험했던 그 어떤 상대보다도 강력한 적에 맞서 모두의 운명을 건 불가능한 미션에 뛰어든다.',NULL),(75,'2025-09-20 23:53:59.817150','https://image.tmdb.org/t/p/w500/xxv8Ibs8Anni6qrWkAf60rDsPCu.jpg','달려달려 마셔마셔','2025-09-30','0013744889455907','FUNDING',70,'2025-10-04',18,9,'ON_PROGRESS',NULL,'오늘이 아니면 안 오는 흔치 않은 기회, 아미들.. 영화관으로 달리세요!','달려라 방탄',59,11,342,5,'오로지 방탄소년단의 방탄소년단에 의한 방탄소년단을 위한 리얼 버라이어티 예능! 방탄을 아는 만큼 보인다! 보는 만큼 웃기다!',NULL),(78,'2025-09-20 23:59:10.232323','https://image.tmdb.org/t/p/w500/v1sfULur2KiJIPGiXjGTDWNWxG.jpg','걸들 모여라, 보이들 모여라','2025-10-01',NULL,'FUNDING',80,'2025-10-08',17,7,'ON_PROGRESS',NULL,'추격적 + 킬링 타임용으로 좋아요','걸캅스',30,11,179,5,'민원실 퇴출 0순위 전직 전설의 형사 미영과 민원실로 밀려난 현직 꼴통 형사 지혜. 집에서는 눈만 마주쳐도 으르렁 대는 시누이 올케 사이인 두 사람은 민원실에 신고접수를 하기 위해 왔다가 차도에 뛰어든 한 여성을 목격하고 그녀가 48시간 후 업로드가 예고된 디지털 성범죄 사건의 피해자란 사실을 알게 된다. 강력반, 사이버 범죄 수사대, 여성청소년계까지 경찰 내 모든 부서들에서 복잡한 절차와 인력 부족을 이유로 사건이 밀려나자 미영과 지혜는 비공식 수사에 나서기로 결심한다. 수사가 진전될수록 형사의 본능이 꿈틀대는 미영과 정의감에 활활 불타는 지혜는 드디어 용의자들과 마주할 기회를 잡게 되는데...',NULL),(79,'2025-09-21 00:19:00.144716','https://j13a110.p.ssafy.io/api/image/banner-5a6d159e-53fb-41d4-bfa2-2898dcebce00r.png','여기 아리아나 휍들이 많은 싸이트 군요.. ㅎㅎ 아주 바람직합니다. \r\n최고에요.\r\n여기 게시판 기능이 있으면 일석이조겠는데요?!','2025-09-25',NULL,'VOTE',0,NULL,NULL,NULL,'ON_PROGRESS',NULL,'떼창은 노노','아리아나 그란데',21,11,NULL,17,'아리아나 그란데 콘서트',NULL),(80,'2025-09-10 00:30:03.431325','https://j13a110.p.ssafy.io/api/image/banner-8ab8126d-7a60-4032-ade3-7dd040d8ea88r.png','아리아나 콘서트 볼 사람 구해요~~~~ 특화 끝나면 같이 보실?','2025-11-06','0016962619252360','FUNDING',10,'2025-11-13',3,2,'ON_PROGRESS',NULL,'삭막한 하루에서 아리아나 한 방울','아리아나 월드 투어 2025',19,11,108,17,'아리아나 그란데 콘서트',NULL),(81,'2025-09-22 00:48:41.341992','https://j13a110.p.ssafy.io/api/image/banner-5f8a9e77-7828-4462-8a72-61edaba9eb41r.png','아리아나 최고져? 안보면 바보져?','2025-10-05',NULL,'VOTE',0,NULL,NULL,NULL,'ON_PROGRESS',NULL,'아리아나 콘서트 봐요','아리아나 그란데 콘서트',89,11,NULL,17,'아리아나 그란데',NULL),(82,'2025-09-21 00:55:32.460192','https://j13a110.p.ssafy.io/api/image/banner-fa0e55ad-3aa3-4869-82bf-4a36c8b7f36cr.png','미래소년코난','2025-10-05',NULL,'VOTE',0,NULL,NULL,NULL,'ON_PROGRESS',NULL,'미래소년 코난, 1~5회 같이 봅시다','미래소년코난',64,11,NULL,15,'미소코',NULL),(83,'2025-09-21 00:56:35.415541','https://image.tmdb.org/t/p/w500/oCpvKD0yuRV9OAZ8xklRy9HWc6l.jpg','웬즈데이 언제데이?','2025-10-05',NULL,'VOTE',0,NULL,NULL,NULL,'ON_PROGRESS',NULL,'팀버튼 웬즈데이, 같이 볼 사람','웬즈데이',31,11,NULL,14,'똑똑함은 기본, 비꼬는 것에도 도가 튼 웬즈데이 아담스. 암울함을 풍기는 그녀가 네버모어 아카데미에서 얽히고설킨 미스터리를 파헤치기 시작한다. 새 친구도 사귀고, 앙숙도 만들며.',NULL),(84,'2025-09-21 00:58:04.140252','https://image.tmdb.org/t/p/w500/uSr3kraYtuyTGRZ4tVcVCmGHQ5t.jpg','저 오서로가 열심히 춤추면서 같이 봅니다.','2025-09-30','0015556893019209','FUNDING',88,'2025-10-04',14,11,'ON_PROGRESS',NULL,'이거 재밌어요','모타운 마법 뮤지컬',90,11,566,13,'어디서나 춤과 노래가 들려오는 흥겨운 도시 모타운. 이곳에 풍부한 상상력을 가진 소년 벤이 살고 있다. 마법의 붓을 만난 꼬마 예술가. 벤의 작품을 구경하러 가볼까?',NULL),(85,'2025-09-21 01:00:09.486674','https://j13a110.p.ssafy.io/api/image/banner-5c41ba63-5626-40bd-a073-62bd384c69bfr.png','바람돌이','2025-09-30','0012928185335731','FUNDING',100,'2025-10-04',7,3,'ON_PROGRESS',NULL,'돌고 돌아 바람돌이','모래요정 바람돌이',77,11,457,15,'바람돌이',NULL),(87,'2025-09-21 22:43:09.577273','https://j13a110.p.ssafy.io/api/image/banner-1ecaa933-d16c-4a71-b7f6-d760e4b92307r.png','야구 누가보냐에서 누를 담당하는 사람들이 오세요.','2025-09-30','0011381699243410','FUNDING',120,'2025-10-04',7,2,'ON_PROGRESS',NULL,'아쉽지만 맥주는 노노','KBO 롯데',1,11,1,23,'KBO 2025.08.04 경기',NULL),(88,'2025-09-21 23:20:32.260532','https://image.tmdb.org/t/p/w500/tqDQzYGi1EWHgUZY91YRSJLDJVf.jpg','당신의 얼굴은 괴물이 아닙니다. 괴물은 만들어지는 것입니다.','2025-10-05',NULL,'VOTE',0,NULL,NULL,NULL,'ON_PROGRESS',NULL,'이거 안 본 사람 없죠? 다 들어와요','괴물',77,11,NULL,6,'아버지가 운영하는 한강매점, 늘어지게 낮잠 자던 강두는 우연히 특이한 광경을 목격하게 된다. 생전 보도 못한 무언가가 한강다리에 매달려 움직이는 것이다. 정체를 알 수 없는 괴물은 둔치 위로 올라와 사람들을 거침없이 깔아뭉개고, 무차별로 물어뜯기 시작한다. 순식간에 아수라장으로 돌변하는 한강변. 강두도 뒤늦게 딸 현서를 데리고 정신없이 도망가지만, 꼭 잡았던 현서의 손을 놓치고 만다. 하루아침에 집과 생계, 그리고 현서까지 모든 것을 잃게 된 강두 가족. 돈도 없고 빽도 없는 그들은 위험구역으로 선포된 한강 어딘가에 있을 현서를 찾아 나선다.',NULL),(101,'2025-09-22 12:43:59.049896','https://image.tmdb.org/t/p/w500/8ntMUYy0b0NIGWSWvMr07ui7CCJ.jpg','너무 재미있었고요. 감동이었고, 귀여웠고, 마음이 따뜻하고,,, 우리 고양이 나 없어지면 어떡하죠??','2025-10-11','0011016946436290','FUNDING',100,'2025-10-18',16,14,'ON_PROGRESS',NULL,'플로우 보신 분???!!!! 또 보쇼','플로우',82,11,505,9,'인간이 살았던 흔적만이 남아있는 세상, 홀로 집을 지키던 \'고양이\'는 갑작스러운 대홍수로 평화롭던 일상과 아늑했던 터전을 잃고 만다. 때마침 다가온 낡은 배에 올라탄 \'고양이\'는 그 안에서 \'골든 리트리버\', \'카피바라\', \'여우원숭이\', \'뱀잡이수리\'를 만나고 서로의 차이점을 극복하고 팀을 이뤄 험난한 파도를 헤쳐나간다.\n개졸귀 고양이, 강아지, 카피바라가 나오는 감동 어드벤처 스토리',NULL),(104,'2025-09-22 13:32:30.859220','https://image.tmdb.org/t/p/w500/h8qzZtSScJV1zIf6lVc4449Zgui.jpg','위대해지고 싶을 때는 위대한 쇼맨을 싱어롱으로 따라부르면 위대해질 수 있음 ㅇㅇ','2025-10-14','0016194016916888','FUNDING',60,'2025-10-21',21,11,'ON_PROGRESS',NULL,'위대해지고 싶은 사람 모여라','위대한 쇼맨',56,11,323,7,'바넘은 가난한 재단사의 아들이었다. 아버지까지 병으로 죽자 그는 고아로서 힘겨운 삶을 보내야 했지만, 그에게는 채리티와 사랑을 이루겠다는 꿈이 있었다. 결국 채리티와 결혼을 한 바넘은 환상의 세계를 보여주겠다는 자신의 또 다른 꿈을 이루기 위해 특별한 쇼를 연다. 쇼는 성공적이었지만, 진실이 없다는 언론의 평가와 저질 쇼라는 사람들의 비난에 상심한 바넘은 상류층까지 좋아할 수 있는 쇼를 기획하기 위해 상류층 연극인 필립을 영입한다. 필립과 함께 유럽 제일의 오페라 가수 제니를 만난 바넘은 제니에게 매료되어 가족과 동료들을 외면하고 상류사회에 편입되기를 희망한다.\n\n노래는 좋음. 이번에 처음 봄ㅋㅋㅋ ',NULL),(115,'2025-09-22 14:19:14.667332','https://image.tmdb.org/t/p/w500/k7DCwySN2XGZ67qcz2ADbgmGwzG.jpg','케데헌은 진리','2025-09-30','0011056630615440','FUNDING',70,'2025-10-04',16,13,'ON_PROGRESS',NULL,'케데헌은 꼭 봐야 해요','케이팝 데몬 헌터스',14,11,67,9,'케이팝 슈퍼스타 루미, 미라, 조이. 매진을 기록하는 대형 스타디움 공연이 없을 때면 이들은 또 다른 활동에 나선다. 바로 비밀 능력을 이용해 팬들을 초자연적 위협으로부터 보호하는 것.',NULL),(116,'2025-09-22 14:19:52.261801','https://image.tmdb.org/t/p/w500/k7DCwySN2XGZ67qcz2ADbgmGwzG.jpg','안본사람이랑 대화 안하니까 같이 봅시다\r\n','2025-09-30','0012045370019857','FUNDING',90,'2025-10-04',21,11,'ON_PROGRESS',NULL,'전 코스프레 하고 갈겁니다','케이팝 데몬 헌터스',5,11,1,9,'케이팝 슈퍼스타 루미, 미라, 조이. 매진을 기록하는 대형 스타디움 공연이 없을 때면 이들은 또 다른 활동에 나선다. 바로 비밀 능력을 이용해 팬들을 초자연적 위협으로부터 보호하는 것.',NULL),(117,'2025-09-22 14:21:57.114894','https://image.tmdb.org/t/p/w500/k7DCwySN2XGZ67qcz2ADbgmGwzG.jpg','우냐? 나도 운다...','2025-09-24','0015046305521117','FUNDING',80,'2025-10-01',21,14,'FAILED',NULL,'다 같이 울 장소가 필요하다면?','케이팝 데몬 헌터스',34,11,205,9,'케이팝 슈퍼스타 루미, 미라, 조이. 매진을 기록하는 대형 스타디움 공연이 없을 때면 이들은 또 다른 활동에 나선다. 바로 비밀 능력을 이용해 팬들을 초자연적 위협으로부터 보호하는 것.',NULL),(118,'2025-09-22 14:29:54.324041','https://image.tmdb.org/t/p/w500/m6Dho6hDCcL5KI8mOQNemZAedFI.jpg','귀멸 별로지만 같이보면 같이봐줌','2025-09-30','0013255008876065','FUNDING',50,'2025-10-04',3,1,'ON_PROGRESS',NULL,'무한한 공간 저 너머로','극장판 귀멸의 칼날: 무한성편',30,11,178,9,'혈귀로 변해버린 여동생 네즈코를 인간으로 되돌리기 위해 혈귀를 사냥하는 조직인 《귀살대》에 입대한 카마도 탄지로. 입대 후 동료인 아가츠마 젠이츠, 하시비라 이노스케와 함께 많은 혈귀와 싸우고, 성장하면서 세 사람의 우정과 유대는 깊어진다. 탄지로는 《귀살대》 최고위 검사인 《주》와도 함께 싸웠다. 「무한열차」에서는 염주・렌고쿠 쿄쥬로, 「유곽」에서는 음주・우즈이 텐겐, 「도공 마을」에서는 하주・토키토 무이치로, 연주・칸로지 미츠리와 함께 혈귀를 상대로 격렬한 전투를 벌였다. 그 후 다가올 혈귀와의 결전에 대비해 귀살대원들과 함께 《주》가 주도하는 합동 강화 훈련에 참가해 훈련을 받던 도중 《귀살대》의 본부인 우부야시키 저택에 나타난 키부츠지 무잔. 어르신의 위기에 달려온 《주》들과 탄지로였지만, 무잔의 술수로 의문의 공간으로 떨어지고 말았는데. 탄지로 일행이 떨어진 곳, 그곳은 혈귀의 본거지 《무한성》─ “귀살대”와 “혈귀”의 최종 결전의 포문이 열린다.',NULL),(119,'2025-09-22 14:40:33.393077','https://image.tmdb.org/t/p/w500/3vlBg3kTsHioTy7owIDXFHNXBNk.jpg','남매야 잘 지내라~','2025-09-30','0018750476724407','FUNDING',40,'2025-10-04',3,2,'ON_PROGRESS',NULL,'약간 무섭지만 넘 감동적이에요','귀멸의 칼날: 남매의 연',59,11,342,8,'혈귀의 습격으로 가족을 잃은 소년 ‘탄지로’. 유일하게 살아남은 여동생 ‘네즈코’마저 혈귀로 변해 버리고 마는데…. ‘탄지로’는 ‘네즈코’를 인간으로 되돌리기 위해- 그리고 가족을 죽인 혈귀를 심판하기 위해- ‘귀살대’의 길을 가기로 결의한다. 혹독한 훈련 끝에 귀살대 대원으로 거듭난 ‘탄지로’는 복수의 칼날을 들고 목숨 건 사투를 시작하는데… 소년이여, 여동생을 구하기 위해 칼날을 들어라! 인간과 혈귀가 엮어낸 애절한 오누이의 이야기가 지금 시작된다-!',NULL),(120,'2025-09-22 14:42:46.059518','https://image.tmdb.org/t/p/w500/3vlBg3kTsHioTy7owIDXFHNXBNk.jpg','요즘 유행이더라고요. 요즘 친구들이 많이 보는 귀칼:남연! 가취바욘','2025-09-25','0018200301892943','FUNDING',100,'2025-10-02',3,2,'FAILED',NULL,'무한성 보기 전 필수','귀멸의 칼날: 남매의 연',66,11,396,8,'혈귀의 습격으로 가족을 잃은 소년 ‘탄지로’. 유일하게 살아남은 여동생 ‘네즈코’마저 혈귀로 변해 버리고 마는데…. ‘탄지로’는 ‘네즈코’를 인간으로 되돌리기 위해- 그리고 가족을 죽인 혈귀를 심판하기 위해- ‘귀살대’의 길을 가기로 결의한다. 혹독한 훈련 끝에 귀살대 대원으로 거듭난 ‘탄지로’는 복수의 칼날을 들고 목숨 건 사투를 시작하는데… 소년이여, 여동생을 구하기 위해 칼날을 들어라! 인간과 혈귀가 엮어낸 애절한 오누이의 이야기가 지금 시작된다-!',NULL),(121,'2025-09-22 14:44:04.912969','https://image.tmdb.org/t/p/w500/3vlBg3kTsHioTy7owIDXFHNXBNk.jpg','매크로 아닙닌다.','2025-10-01','0015046803258700','FUNDING',90,'2025-10-08',20,12,'ON_PROGRESS',NULL,'덕들 빨리 오세요','귀멸의 칼날: 남매의 연',88,11,552,8,'혈귀의 습격으로 가족을 잃은 소년 ‘탄지로’. 유일하게 살아남은 여동생 ‘네즈코’마저 혈귀로 변해 버리고 마는데…. ‘탄지로’는 ‘네즈코’를 인간으로 되돌리기 위해- 그리고 가족을 죽인 혈귀를 심판하기 위해- ‘귀살대’의 길을 가기로 결의한다. 혹독한 훈련 끝에 귀살대 대원으로 거듭난 ‘탄지로’는 복수의 칼날을 들고 목숨 건 사투를 시작하는데… 소년이여, 여동생을 구하기 위해 칼날을 들어라! 인간과 혈귀가 엮어낸 애절한 오누이의 이야기가 지금 시작된다-!',NULL),(122,'2025-09-22 14:53:30.904556','https://image.tmdb.org/t/p/w500/basxYBCKP2gYW1UN0o0wFOgEPk.jpg','이딴 영화 같이 볼 사람이 세상에 있을까?','2025-10-01','0019559803647723','FUNDING',80,'2025-10-08',21,11,'ON_PROGRESS',NULL,'음악과 함께 하는 영화','신도학위룡',90,11,565,18,'동남아의 한 도시에서 중대한 사건의 핵심 증인인 황샤오구가 쥐도 새도 모르게 잠적했다. 특경 장호는 국제 귀족학교에 잠입해 딸 황잉에게 접근해 황샤오구를 찾으려 했으나, 이때 범인들은 암살자를 보내 황잉을 납치할 기회만 노린다. 경찰 , 외부 킬러, 황잉의 비협조로 위기에 처한 장호, 위기가 한꺼번에 몰려드는데 과연 장호는 어떻게 위험을 타파할 수 있을까….',NULL),(123,'2025-09-22 14:55:29.009746','https://image.tmdb.org/t/p/w500/basxYBCKP2gYW1UN0o0wFOgEPk.jpg','ㅎㅎㅎ이거 보면 나랑 사귀는 거다;;','2025-10-01','0018489694530254','FUNDING',58,'2025-10-08',15,8,'ON_PROGRESS',NULL,'신나는 영화','신도학위룡',77,11,459,18,'동남아의 한 도시에서 중대한 사건의 핵심 증인인 황샤오구가 쥐도 새도 모르게 잠적했다. 특경 장호는 국제 귀족학교에 잠입해 딸 황잉에게 접근해 황샤오구를 찾으려 했으나, 이때 범인들은 암살자를 보내 황잉을 납치할 기회만 노린다. 경찰 , 외부 킬러, 황잉의 비협조로 위기에 처한 장호, 위기가 한꺼번에 몰려드는데 과연 장호는 어떻게 위험을 타파할 수 있을까….',NULL),(124,'2025-09-22 15:35:00.302567','https://image.tmdb.org/t/p/w500/ekUXBOtgQvbN36nP6bkfWGNVln9.jpg','오덕 이희경의 소취를 위해서 참여해주쇼','2025-09-30','0019181864543474','FUNDING',40,'2025-10-04',3,1,'ON_PROGRESS',NULL,'추억을 떠올리게 하는 영화입니다.','투모로우바이투게더 컴백쇼',31,11,187,18,'투모로우바이투게더(수빈·연준·범규·태현·휴닝카이)가 역대급 \'컴백쇼\'를 론칭한다.\n\nMnet은 21일 오후 7시 \'투모로우바이투게더 웰컴백쇼\'를 선보인다. 또한 이번 쇼는 유튜브·브이라이브 등 다양한 M2 디지털 채널을 통해 전 세계에 동시 방송될 예정이다.',NULL),(126,'2025-09-23 13:38:36.882235','https://image.tmdb.org/t/p/w500/2gAym5Oig2NM7k6iu0DwXlxYaGY.jpg','암살 같이 보실 분 구해요. 배우들 넘넘 연기 잘해요.','2025-10-01','0015676728817202','FUNDING',50,'2025-10-08',8,7,'ON_PROGRESS',NULL,'암살 같이 보실 분 구해요!','암살',30,11,178,5,'1933년 조국이 사라진 일제 강점기, 대한민국 임시정부는 일본 측에 노출되지 않은 세 명을 암살작전에 지목한다. 대한독립군 저격수 안옥윤, 신흥무관학교 출신 속사포, 폭탄 전문가 황덕삼이 바로 그들. 김구의 두터운 신임을 받는 임시정부 경무국 대장 염석진은 이들을 찾아 나서기 시작한다. 암살단의 타깃은 조선주둔군 사령관 카와구치 마모루와 친일파 강인국. 한편 의문의 누군가에게 거액의 의뢰를 받은 청부 살인업자 하와이 피스톨이 암살단의 뒤를 추격하는데...',NULL),(127,'2025-09-23 13:40:57.607500','https://image.tmdb.org/t/p/w500/9RsHtbUMXMfHjkL74BhM7KFEozT.jpg','얼굴이라니 넘 궁금하지 않나요? 같이 봐요?','2025-09-30','0010755962998520','FUNDING',100,'2025-10-04',3,2,'ON_PROGRESS',NULL,'얼굴','얼굴',20,11,112,6,'태어나서 아무것도 볼 수 없었던 시각장애인임에도 불구하고 세상에서 가장 아름다운 도장을 만드는 장인으로 거듭난 임영규와 그의 아들 임동환에게 경찰에게서 한 통의 전화가 걸려온다. 40년 전 실종된 아내이자 어머니 정영희의 백골 사체가 발견되었다는 것. 얼굴조차 몰랐던 어머니가 살해됐을 가능성도 있다는 이야기를 듣게 된 임동환은 아버지 임영규의 다큐멘터리를 촬영하던 PD 김수진과 함께 어머니의 죽음을 추적하게 된다. 그리고 그 과정에서 만난, 40년 전 어머니와 함께 청계천 의류 공장에서 일했던 이들의 기억을 통해 가려진 진실을 마주하게 되는데……',NULL),(128,'2025-09-23 13:43:32.156759','https://image.tmdb.org/t/p/w500/A2wLUIQ1V8dTLlhz7TwwTM84Ak.jpg','별이 총총총 빛나는 밤에 북극성 같이 봐요','2025-10-03','0013343660754294','FUNDING',80,'2025-10-10',22,20,'ON_PROGRESS',NULL,'북극성 보러가자~~','북극성',31,11,187,16,'대한민국 서울, 평화통일 기원 미사 도중 대선 후보 피격 사건이 일어난다. 전세계를 충격에 빠뜨린 역사적 현장에서 운명에 이끌리듯 만난 문주와 산호. 사건 뒤 숨겨진 진실에 다가갈수록, 한반도를 둘러싼 거대한 음모가 드러나는데… 거센 폭풍우를 뚫고 두 사람은 가장 빛나는 곳을 향해 갈 수 있을까?',NULL),(129,'2025-09-23 13:54:08.218990','https://image.tmdb.org/t/p/w500/k9AKtgRErXjz14lFHL2IJVCgwOT.jpg','곡성 같이 봐요! imax로 보면 재미가 두배','2025-09-23','0018641893330321','FUNDING',66,'2025-10-08',13,11,'FAILED',NULL,'이제 여름은 지나가지만 곡성은 꼭 보고 가야죠','곡성',78,11,462,6,'낯선 외지인이 나타난 후 벌어지는 의문의 연쇄 사건들로 마을이 발칵 뒤집힌다. 경찰은 집단 야생 버섯 중독으로 잠정적 결론을 내리지만  모든 사건의 원인이 그 외지인 때문이라는 소문과 의심이 걷잡을 수 없이 퍼져 나간다. 경찰 종구는 현장을 목격했다는 여인 무명을 만나면서  외지인에 대한 소문을 확신하기 시작한다. 딸 효진이 피해자들과 비슷한 증상으로 아파오기 시작하자 다급해진 종구. 외지인을 찾아 난동을 부리고, 무속인 일광을 불러들이는데...',NULL),(130,'2025-09-23 13:55:50.883492','https://image.tmdb.org/t/p/w500/9NvqPjMwjQ2hGwSEXcZ1VZ4mqVS.jpg','사바하 수요조사 받습니당','2025-09-28',NULL,'VOTE',0,NULL,NULL,NULL,'ON_PROGRESS',NULL,'사바하','사바하',73,11,NULL,6,'신흥 종교 비리를 찾아내는 종교문제연구소 박목사. 최근 사슴동산이라는 새로운 종교 단체를 조사 중이다. 영월 터널에서 여중생이 사체로 발견되는 사건이 발생하고 이를 쫓던 경찰과 우연히 사슴동산에서 마주친 박목사는 이번 건이 심상치 않음을 직감한다. 터널 사건 유력 용의자의 자살, 그리고 실체를 알 수 없는 정비공 나한과 16년 전 태어난 쌍둥이 동생 금화의 존재까지, 사슴동산에 대해 파고들수록 박목사는 점점 더 많은 미스터리와 마주하게 되는데…',NULL),(131,'2025-09-23 13:57:46.297567','https://image.tmdb.org/t/p/w500/mjkr1IamzDiL5mLIbnuhiYOXLqg.jpg','많이 모일거라 기대해봅니당','2025-09-28',NULL,'VOTE',0,NULL,NULL,NULL,'ON_PROGRESS',NULL,'화양연화  (노래 아니에요) 같이 볼 사람~~','화양연화',73,11,NULL,5,'홍콩의 지역 매일 신문 편집장인 초 모완, 수출회사의 비서로 근무하는 수 리첸. 둘은 상하이 지역의 한 건물로 같은 날 이사하게 된다. 이사 날부터 의도치 않게 오가며 자주 부딪히게 되는 두 사람. 둘 다 가정이 있지만 어쩐지 배우자들은 자리를 비우는 날이 더 많고 두 사람의 외로움은 서로에게 낯설지 않게 다가와 둘을 가깝게 한다. 두 사람은 점점 감정이 깊어질수록 겉으로는 더욱 조심스러워지고 예견되어 있는 이별 앞에 마음이 혼란스럽고, 서로의 자리에서 마음으로 바라는 그들의 사랑은 애절하기만 하다.',NULL),(132,'2025-09-22 14:24:15.721354','https://image.tmdb.org/t/p/w500/iTX4O9gb8Jn0F5N5WgYnbIopdnP.jpg','로키 아니라 버키입니다','2025-09-23','0010777730542039','FUNDING',1,'2025-10-01',14,12,'SUCCESS',NULL,'버키 볼 사람 모이세요!','썬더볼츠*',78,11,462,5,'어벤져스가 사라진 후, 세계 최대의 위협과 마주한 세상을 구하기 위해 전직 스파이, 암살자, 살인 청부 업자 등 마블의 별난 놈들이 펼치는 예측불허 팀플레이를 담은 액션 블록버스터','https://j13a110.p.ssafy.io/api/image/ticket-test.mp4'),(133,'2025-09-23 14:26:12.987448','https://image.tmdb.org/t/p/w500/mHozMgx7w29qC9gLzUQDQEP7AEM.jpg','뮤지컬 말고 영화입니다','2025-09-28',NULL,'VOTE',0,NULL,NULL,NULL,'ON_PROGRESS',NULL,'위키드 IMAX에서 보고 싶어요','위키드',78,11,NULL,7,'자신의 진정한 힘을 미처 발견하지 못한 엘파바, 자신의 진정한 본성을 아직 발견하지 못한 글린다. 전혀 다른 두 사람은 마법 같은 우정을 쌓아간다. 그러던 어느 날, 마법사의 초대를 받아 에메랄드 시티로 가게 되고 운명은 예상치 못한 위기와 모험으로 두 사람을 이끄는데...',NULL),(134,'2025-09-23 14:28:17.086036','https://image.tmdb.org/t/p/w500/skTzymk67FfQSfGvwp4JSAqje4Z.jpg','이건 저 혼자만 볼게요','2025-09-23','0011751060478904','FUNDING',60,'2025-10-01',23,21,'FAILED',NULL,'월 E 혼자서 보고 싶어요','월•E',19,11,107,9,'텅 빈 지구에 홀로 남아 수백 년이란 시간을 외롭게 일만 하며 보내던 월-E (WALL-E: Waste Allocation Load Lifter Earth-Class, 지구 폐기물 수거-처리용 로봇). 그런 그가 매력적인 탐사 로봇 ‘이브’와 마주친 순간, 잡동사니 수집만이 낙이던 인생에도 소중한 목표가 생긴다. 이브는 지구의 미래를 결정할 열쇠가 우연히 월-E의 손에 들어간 사실을 알게 되고, 고향별로 돌아갈 날만 애타게 기다리는 인간들에게 이를 보고하기 위해 서둘러 우주로 향한다. 한편 월-E는 이브를 뒤쫓아 은하를 가로지르며, 스크린 사상 가장 짜릿한 상상이 넘치는 어드벤처를 선사한다. 이제껏 꿈에서도 볼 수 없었던 미래 세계를 배경으로 우주에서 펼쳐지는 월-E의 환상적인 모험! 애완용 바퀴벌레, 용맹스럽지만 어딘가 나사가 빠진 듯한 사회 부적응 로봇 군단 등 일련의 유쾌한 캐릭터들이 여기에 동참한다.',NULL),(135,'2025-09-23 14:33:04.240883','https://image.tmdb.org/t/p/w500/qQ7Wq0roBV89gpX0djgpMjaTSK9.jpg','이것도 저 혼자 보려고요','2025-09-24','0011466689060965','FUNDING',70,'2025-10-01',3,2,'FAILED',NULL,'파닥파닥 혼자 보고 싶어요','파닥파닥',64,11,376,9,'바다 출신 고등어의 횟집 탈출이 시작된다! 자유롭게 바다 속을 가르던 바다 출신 고등어 ‘파닥파닥’. 어느 날, 그물에 잡혀 횟집 수족관에 들어가게 된다. 죽음이 예정된 그곳에서 가장 오래 살아 남은 ‘올드 넙치’. 그는 자신만의 생존비법(?)으로 양어장 출신의 다른 물고기들의 신망을 받는 권력자다. 바다로 돌아갈 꿈을 버리지 않고 탈출을 시도하는 ‘파닥파닥’으로 인해 수족관의 평화(?)는 깨지고, ‘올드 넙치’와의 갈등은 시간이 갈수록 커져만 가는데… 바다를 향한 고등어 ‘파닥파닥’의 꿈은 과연 이루어 질 수 있을까?',NULL),(136,'2025-09-23 14:36:49.371832','https://image.tmdb.org/t/p/w500/v6XLCmZgH1z3SUqNJUgR8zuEWyK.jpg','안 울고 볼 수는 없을걸요?','2025-09-28',NULL,'VOTE',0,NULL,NULL,NULL,'ON_PROGRESS',NULL,'감동적인 영화 한 편','마당을 나온 암탉',30,11,NULL,9,'양계장을 탈출해 세상 밖으로 나온 암탉 ‘잎싹’과 청둥오리 ‘초록’의  꿈과 자유를 향한 용감한 도전  마당 밖 자유로운 세상을 꿈꾸는 암탉!  양계장 안에 갇혀 살며 알만 낳던 암탉 잎싹은 마당으로 나가 자유롭게 살면서 알을 품어보기를 꿈꾼다. 몇 날 며칠을 굶어 폐계 흉내를 내다가 드디어 뒷산의 폐계 웅덩이에 버려져 마당을 나오는데 성공하지만, 애꾸눈 족제비에게 잡아 먹히기 일보직전! 청둥오리 나그네의 도움으로 폐계 웅덩이에서 벗어나 가까스로 목숨을 구하게 되는데…  암탉, 오리알을 품다!  드디어 대자연으로 나온 잎싹은 나그네와 달수의 도움을 받아 자유를 만끽하며 서서히 적응해 나간다. 그러던 어느 날 주인 없이 버려진 뽀얀 오리알을 발견하고 난생 처음 알을 품기 시작하는 잎싹. 애꾸눈 족제비로부터 잎싹과 알을 보호하던 나그네는 최후를 맞이하고 마침내 알에서 깨어난 아기 오리는 잎싹을 ‘엄마’로 여기게 되는데…  겁 없는 엄마와 아들의 용감한 도전!!  족제비의 위협으로부터 안전한 늪으로 여정을 떠나는 암탉 잎싹과 청둥오리 초록  과연 이들은 험난한 대자연 속에서 더 자유롭고 더 높이 날고 싶은 꿈을 이루어 낼 수 있을까?',NULL),(137,'2025-09-23 14:41:18.737362','https://j13a110.p.ssafy.io/api/image/banner-fe387b11-1da3-45fc-b656-78669844e4dcr.png','최애의 얼굴을 가까이에서 볼 수 있는 곳, 영화관으로 오세요','2025-09-30','0013443173657455','FUNDING',33,'2025-10-04',17,9,'ON_PROGRESS',NULL,'아미들 모이세요~~','2021 방탄소년단 머스터 소우주 리마스터링',82,11,505,18,'게봉일 : 2025.09.23. \n소개 : 거리와 시간 너머 하나로 연결된 방탄소년단과 아미의 특별한 ‘FESTA(페스타)’ <2021 BTS MUSTER SOWOOZOO> 페스티벌이 떠오르는 대형 야외무대에서 선보인 특별한 퍼포먼스! 다함께 데뷔 8주년을 기념한 그날의 열기와 감동이 스크린 위에서 피어난다.',NULL),(138,'2025-09-23 14:48:38.899315','https://image.tmdb.org/t/p/w500/mN5StVu9JzTMNs5gJM5Xg2qTPX8.jpg','추억의 선덕여왕 같이 몰아봐요. part1','2025-09-28',NULL,'VOTE',0,NULL,NULL,NULL,'ON_PROGRESS',NULL,'선덕여왕 1~5회 같이 봐요','선덕여왕',89,11,NULL,16,'한민족 최초의 여왕인 신라 선덕여왕의 일대기를 그린 드라마',NULL),(139,'2025-09-23 16:08:03.221618','https://j13a110.p.ssafy.io/api/image/banner-346613e9-f5fa-449d-ae26-88f9fd50beabr.png','서울에서 개최된 클라이딩 대회 중계 봐요','2025-10-08','0019962564183817','FUNDING',10,'2025-10-15',10,9,'ON_PROGRESS',NULL,'서울 클라이밍 대회','2025 서울 클라이밍',19,20,109,26,'2025 서울 클라이밍 영상',NULL),(140,'2025-09-10 16:42:21.828807','https://image.tmdb.org/t/p/w500/iyQ8pmCpmnPrGtaHMfmSvQLv8Fy.jpg','서울 광진구 명작 영화 동호회','2025-09-25','0019688341173187','FUNDING',1,'2025-09-20',12,10,'SUCCESS',NULL,'명작 영화 동호회','인생은 아름다워',21,11,116,10,'로마에 갓 상경한 시골 총각 귀도는 운명처럼 만난 여인 도라에게 첫눈에 반한다. 넘치는 재치와 유머로 약혼자가 있던 그녀를 사로잡은 귀도는 가정을 꾸리며 분신과도 같은 아들 조수아를 얻는다. 조수아의 다섯 살 생일, 갑작스레 들이닥친 군인들은 귀도와 조수아를 수용소 행 기차에 실어버리고, 소식을 들은 도라 역시 기차에 따라 오른다. 귀도는 아들을 달래기 위해 무자비한 수용소 생활을 단체게임이라 속이고 1,000점을 따는 우승자에게는 진짜 탱크가 주어진다고 말한다. 하루하루가 지나 어느덧 전쟁이 끝났다는 말을 들은 귀도는 조수아를 창고에 숨겨둔 채 아내를 찾아 나서는데...','https://j13a110.p.ssafy.io/api/image/ticket-1f953353-5a7b-4fb6-97b0-b47648118827.mp4'),(141,'2025-09-23 19:05:34.662671','https://image.tmdb.org/t/p/w500/6wUDsNQHvKtaettKHHHE6uFOZCq.jpg','11화 같이 봐요','2025-09-30','0015902692198614','FUNDING',13,'2025-10-04',17,12,'ON_PROGRESS',NULL,'환승연애 같이 보실분','환승연애, 또 다른 시작',79,11,474,16,'환승연애 그 후, 한층 더 성장한 출연진들이 다시 만나 새로운 시작을 예고하는 세계관 완성 리얼리티',NULL),(142,'2025-09-25 13:33:58.707009','https://image.tmdb.org/t/p/w500/bTvsFzYK4ZdbcAIPSEJ3i8uLHSh.jpg','F1 에 미쳐있는 사람들만 있습니다!! 어느 정도 F1에 대한 지식이 있으신 분들을 구합니다.\n다같이 재밌게 봤으면 좋겠어요!\n말은 저렇게 했지만 뉴비도 환영입니다~ 다들 친절해요','2025-09-30','0011325620129805','FUNDING',30,'2025-10-04',23,20,'ON_PROGRESS',NULL,'같이 볼 사람 구합니다~~~ 다들 오타쿠인 점 주의해주세요','F1: 본능의 질주',81,11,484,24,'2019년 3월 Netflix에서 방영을 시작한 다큐멘터리. 가장 빠른 자가 살아남는 세계, 포뮬러 원. 그 화려한 트랙 안팎의 치열한 풍경이 모습을 드러낸다. 최첨단 자동차, 최고의 속도, 화려한 테크닉. 이 모든 것은 그저 일부일 뿐이다. 1년 내내 전 세계에서 개최되는 레이스를 따라 서킷 안팎을 질주하는 드라이버와 팀원들. 위험한 경주에 도전하는 드라이버들과 그들 뒤에 있는 팀원 및 가족들의 모습까지, 이제껏 본 적 없는 서킷 뒤의 모습을 독점 공개한다. 지금부터 포뮬러 원의 진짜 경주가 공개된다.',NULL),(143,'2025-09-25 14:02:50.732242','https://image.tmdb.org/t/p/w500/xCLCYks4rikKY9CtqTj7eaS1gVC.jpg','화약냄새가 넘치는 액션영화 6시간 연속상영...!!','2025-11-15','0014810107317626','FUNDING',16,'2025-11-22',23,7,'ON_PROGRESS',NULL,'화약냄새맡으실분','익스펜더블',77,23,457,5,'바니 로스가 이끄는 무적의 용병 팀이 \'처치\'의 의뢰로 잔인한 독재자 가자 장군을 제거하는 임무에 뛰어든다. 전직 특수부대 출신들로 구성된 이 팀은 칼잡이 크리스마스, 폭발물 전문가 톨 로드, 저격의 달인 군나르 등 각자 특기를 가진 최고의 전문가들. 하지만 전 CIA 요원들의 방해로 작전이 꼬이게 되고, 그들은 예상치 못한 위험에 직면하게 된다.',NULL),(144,'2025-09-25 15:12:39.741950','https://image.tmdb.org/t/p/w500/m6Dho6hDCcL5KI8mOQNemZAedFI.jpg','귀칼 볼 사람 구함','2025-09-30',NULL,'VOTE',0,NULL,NULL,NULL,'ON_PROGRESS',NULL,'귀멸의 칼날 볼 사람','극장판 귀멸의 칼날: 무한성편',78,11,NULL,9,'인간으로 되돌리기 위해 동생 네즈코를 지키며 귀살대에 들어간 탄지로가 젠이츠, 이노스케와 함께 다양한 전투를 거치며 성장하는 모험. 무한열차, 유곽, 도공 마을에서 주들과 함께 혈귀와 싸운 탄지로는 이제 키부츠지 무잔이 나타난 \'무한성\'에서 귀살대와 혈귀 간의 최종 결전을 앞두고 있다. 가슴 뛰는 액션과 깊어가는 동료애로 가득한 이야기가 펼쳐진다.',NULL),(145,'2025-09-25 15:24:15.738521','https://image.tmdb.org/t/p/w500/1jhYawjt748tAkuk2DzJJafvI2V.jpg','제일 좋아함. 근데 딱 한번 봤음. 그래서 영화관 가서 다시 보고 싶음','2025-10-15','0017632135206720','FUNDING',60,'2025-10-22',17,14,'ON_PROGRESS',NULL,'내 인생 최고의 sf 영화','컨택트',82,24,505,8,'거대 외계 비행물체가 전 세계에 동시다발로 나타나면서, 언어학자 루이스와 물리학자 이안이 의사소통 불가능한 외계 생명체와 접촉을 시도하는 스릴러. 완전히 다른 언어 체계를 극복하며 소통의 물꼬를 트지만, 루이스는 이상한 환상을 경험하게 되면서 미스터리한 상황이 전개된다. 인류와 미지의 존재 간의 소통이라는 도전을 통해 언어의 경계와 시간의 본질을 탐구하는 흥미진진한 SF 영화.\n세계 제일로 좋아했던 sf영화이었음. 외계인을 다룬 영화 중에서 이렇게 감동적일 수 없다.',NULL),(146,'2025-09-25 15:26:59.313445','https://image.tmdb.org/t/p/w500/9qH8qndEJuYPwbkakWOXpJKy5Ok.jpg','고전 영화를 좋아하시는 분들과 함께 보고 싶습니다.\n영화 끝나고 감상회까지 가졌으면 좋겠습니다. ','2025-09-30',NULL,'VOTE',0,NULL,NULL,NULL,'ON_PROGRESS',NULL,'저랑 옛날 영화 같이 봐요!!','웃음',82,14,NULL,7,'두 남자와 동시에 데이트하던 현영이 며칠 사이에 두 남자 모두에게 차이는 아이러니한 상황을 그린 작품. 6개월 사귄 동급생과 33세 예술가라는 전혀 다른 두 남자에게서 현영이 발견한 한 가지 공통점은 바로 헤어질 때 보인 모호한 미소. 2010년 제4회 그레이트 단편영화제 출품작으로, 이별의 순간에 담긴 아이러니를 섬세하게 포착한 영화.',NULL),(147,'2025-09-25 15:28:17.533013','https://image.tmdb.org/t/p/w500/ylQRi3edixhzUiubw7LQP1YhI6W.jpg','재미없었긴 했는데 그래도 다시한번 보고싶기두','2025-09-30',NULL,'VOTE',0,NULL,NULL,NULL,'ON_PROGRESS',NULL,'지루하긴 한데 볼사람?`','테넷',20,24,NULL,5,'미국 요원이 우크라이나 작전 후 의문의 남자로부터 새 임무를 받고, 시간을 뒤집는 \'인버전\' 능력을 통해 세계를 파괴하려는 사토르를 막아야 하는 이야기. 닐과 복수심에 불타는 사토르의 아내 캣과 함께 미래에서 온 위협에 맞서 제3차 세계대전을 막기 위한 긴박한 전투가 펼쳐진다.\n좀 노잼. 잘생기긴 했음',NULL),(148,'2025-09-25 15:38:27.512099','https://image.tmdb.org/t/p/w500/ldWNJSRMIQ30ZT0KT8TOS9pnqMf.jpg','기동전사 건담: 역습의 샤아 즉시 관람','2025-10-23','0015256835562185','FUNDING',40,'2025-10-30',12,10,'ON_PROGRESS',NULL,'마흔먹고 엄마될 사람 찾는 자와 엄마에 트라우마 있는 자의 싸움','기동전사 건담: 역습의 샤아',88,23,549,9,'우주세기 0093년, 행방불명된 줄 알았던 샤아 아즈나블은 네오지온의 총수가 되어 지구연방정부에 선전포고를 던진다.  지구연방의 론드벨 부대 소속이자 샤아의 영원한 라이벌 아무로 레이는 신병기 뉴 건담에 올라 그의 앞을 막아선다.',NULL),(149,'2025-09-25 15:41:33.670672','https://image.tmdb.org/t/p/w500/o4zKbgKsUhK8ij4ZRA7lAEThfNd.jpg','야구 볼사람~','2025-09-30',NULL,'VOTE',0,NULL,NULL,NULL,'ON_PROGRESS',NULL,'야구권~','최강야구',89,23,NULL,23,'Win or Nothing. 오직 승리만을 추구하는 사상 최강의 야구팀이 탄생했다. “우리보다 최강인 팀은 절대 없을 겁니다” 프로야구팀에 대적할만한 11번째 구단 ‘최강 몬스터즈’와 전국의 야구 강팀이 펼치는 양보 없는 대결! 야구에 미친 자들의 모든 걸 건 진짜 승부가 시작된다.',NULL),(150,'2025-09-25 15:55:49.699703','https://image.tmdb.org/t/p/w500/2Ks4IYCPB2yQ9iiL6eaNgbyDaLT.jpg','이걸 참아?','2025-09-27','0018224906833138','FUNDING',179,'2025-10-04',1,0,'FAILED',NULL,'내가 연인이 될 수 있을 리 없잖아, 무리무리! (※무리가 아니었다?!) 애니메이션 상영회','내가 연인이 될 수 있을 리 없잖아, 무리무리! (※무리가 아니었다?!)',78,19,462,9,'쟁취하는 거야, 최고의 학교생활을!\n\n외톨이였던 중학교 시절에서 벗어나기 위해, 전력을 다해 고등학교 데뷔를 마친 아마오리 레나코.\n\n하지만 타고난 아싸 기질 탓에, 동경하던 인싸 생활에 적응하지 못하고 질식 직전의 상태로...\n\n현역 모델이자 완벽한 미소녀, 오우즈카 마이\n\n상냥하고 부드러운 천사, 세나 아지사이\n\n쿨한 흑발 미녀, 코토 사츠키\n\n밝은 성격의 무드 메이커, 코야나기 카호\n\n동경하는 이들과 가까워지기 위해, 오늘도 노력하는 아마오리 레나코.\n\nㅡ 분명 그랬는데...\n\n\"너를 좋아하게 되어 버린 것 같아...\"\n\n\"잠깐! 친구는 어디로 간 거야?!\"\n\n친구? 연인?\n\n소녀들이여!\n\n흔들리는 마음을 끌어안은 채 웃고, 고민하고, 나아가라!\n\n논스톱 청춘 걸스 러브 코미디, 이곳에서 개막!',NULL),(151,'2025-09-25 15:57:34.735961','https://image.tmdb.org/t/p/w500/5Zxdorl5TharlI9S47YxoKzGCsi.jpg','최종 상영회','2025-09-23','0010973070962991','FUNDING',3,'2025-10-04',22,19,'SUCCESS',NULL,'서울1반','미션 임파서블: 파이널 레코닝',82,25,505,6,'재미있겠다','https://j13a110.p.ssafy.io/api/image/ticket-baab71a2-5004-459a-8e41-397c0451de4f.mp4'),(152,'2025-09-25 16:09:05.502604','https://image.tmdb.org/t/p/w500/A8C62AYprv1sQteQSKu3tNgLMYb.jpg','싸피생들을 위한 감동 실화','2025-09-26','0018375251964512','FUNDING',30,'2025-10-03',21,12,'FAILED',NULL,'싸피 상영회','바닐라 스카이',82,26,504,5,'뉴욕 출판사의 간부이며 부와 카리스마를 가진 바람둥이 데이빗 에임즈는 자신의 가장 절친한 친구의 애인 소피아와 사랑에 빠진다. 소피아는 데이빗이 꿈에 그리던 여자였다. 그러나 다음날... 그는 차 안에 있으며, 자신과 함께 동반자살 하려는 줄리와 다투고 있다. 줄리는 차를 몰고 나무에 정면으로 들이받는데... 데이빗은 가까스로 목숨을 건지지만 얼굴을 심하게 다치고 만다.\r 다행히 소피아가 자신의 사랑을 고백하며 데이빗을 보살피고, 의사의 노력으로 데이빗은 얼굴을 되찾게 되지만, 그때부터 그는 뭔가 섬뜩한 사건에 말려들게 되는데...',NULL),(153,'2025-09-25 16:13:03.287923','https://image.tmdb.org/t/p/w500/gMNxOoPogbcrlbRuHi9cviYbNSr.jpg','싸피생들아 모여라\n','2025-09-30',NULL,'VOTE',0,NULL,NULL,NULL,'ON_PROGRESS',NULL,'ssafy상영회','아파트',31,26,NULL,11,'밤 9시 56분, 건너편 아파트에 동시에 불이 꺼졌다. 그리고 다음 날, 잔인하게 죽은 시체가 발견되었다. 이를 바라보고 있던 단 한 사람 세진. 화려하지만 차가운 자신만의 공간에 살고 있는 그녀는 우연히 이 사건을 목격한다. 그리고 발견한 죽음의 법칙! 불이 꺼진 집 중 한 사람은 다음날 예고된 듯 반드시 죽음을 맞이하는 것. 이 불가해한 현상을 지켜본 세진은 더 이상의 희생을 막기 위해 사건에 개입하게 되는데… 공포가 살아 숨쉬는 아파트! 문이 열리는 순간, 아파트의 소름 끼치는 비밀이 밝혀진다! 죽은 이들에게서 공통적으로 발견된 어느 한 집의 열쇠! 101, 102호.. 모든 아파트에 열쇠를 맞춰 보는데… 마침내 한 곳에서 ‘딸깍’ 문이 열린다. 그리고 밝혀지는 끔찍하고도 잔인한 비밀! 이제 아파트는 세진과 주민들을 둘러싼 그 참혹한 공포의 비밀을 밝히는데…',NULL),(154,'2025-09-25 16:27:05.863860','https://image.tmdb.org/t/p/w500/cHwspwAQwZNCTOhcquvXoGop0SQ.jpg','현대인의 소외와 유대에 대해서 이야기 하는 영화입니다. 보면서 많은 이야기 나누면 좋을거 같아용','2025-10-23','0019800075653790','FUNDING',100,'2025-10-30',12,10,'ON_PROGRESS',NULL,'어린 시절 충격적이게 좋았던 영화입니다.','김씨 표류기',33,24,202,10,'자살시도가 실패로 끝나 한강의 밤섬에 불시착한 남자. 죽는 것도 쉽지 않자 일단 섬에서 살아보기로 한다. 모래사장에 쓴 HELP가 HELLO로 바뀌고 무인도 야생의 삶도 살아볼 만하다고 느낄 무렵, 익명의 쪽지가 담긴 와인병을 발견하고 그의 삶은 알 수 없는 희망으로 설레기 시작한다. 한편 자신의 좁고 어두운 방이 온 지구이자 세상인 여자. 홈페이지 관리, 하루 만보 달리기 등 그녀만의 생활리듬도 있다. 유일한 취미인 달사진 찍기에 열중하던 어느 날, 저 멀리 한강의 섬에서 낯선 모습을 발견하고 그에게 리플을 달아주기로 하는 그녀는 3년 만에 자신의 방을 벗어나 그를 향해 달려가는데...',NULL),(155,'2025-09-25 16:39:48.458619','https://image.tmdb.org/t/p/w500/d1SLKTqBuBKAzhupohSBLeEQ8zo.jpg','고','2025-09-27','0014832283077453','FUNDING',9,'2025-10-04',23,22,'FAILED',NULL,'고','역시 내 청춘의 러브 코미디는 잘못됐다.',78,19,462,9,'치바시립 소부고등학교에 다니는 고교 2학년생 ‘히키가야 하치만’은 비뚤어진 성격으로 친구를 일절 사귀지 않지만, 생활지도 교사 ‘히라츠카 시즈카’의 눈에 띄어 학교 제일의 미소녀 ‘유키노시타 유키노’가 소속된 봉사부에 입부하게 된다. 봉사부는 학교의 문제를 해결하는데 도움을 주는 부로, 공개적으로 그 활동이 드러나있지 않은 비밀스러운 조직으로 시즈카의 소개로만 입부된다. 하치만은 봉사부에 입부한 뒤로 도움을 요청하는 친구들에게 도움을 주며 지금까지와는 전혀 다른 학교생활을 하게 되는데...',NULL),(156,'2025-09-25 16:46:26.750491','https://image.tmdb.org/t/p/w500/s7qBgudeUEczJYEsO9vvRVUNnFP.jpg','saf','2025-09-29','0019378068053348','FUNDING',1,'2025-10-06',16,11,'ON_PROGRESS',NULL,'asf','청춘 돼지는 바니걸 선배의 꿈을 꾸지 않는다',78,19,462,9,'사춘기 증후군. 불안정한 정신으로 인해 일어난다고 인터넷에서 화제인 불가사의한 현상. 에노시마에서 가까운 학교에 다니는 고등학교 2학년 아즈사가와 사쿠타는 사춘기 증후군이 일어난 소녀들과 만나게 된다. 예를 들면, 도서관에서 만난 야생 바니걸 정도. 바니걸의 정체는 고등학교 선배이자 활동을 중단한 연예인인 사쿠라지마 마이였다. 매력적인 마이의 차림에도 어째선지 주변 사람들은 그런 마이를 알아채지 못했다. 남들에게 보이지 않게 된 마이를 돕게 되면서 함께 보내는 시간이 많아지자, 사쿠타는 마이가 숨겨온 마음을 알게 되는데.  하늘과 바다가 반짝이는 마을에서 마음을 흔드는 소녀들과의 불가사의한 이야기가 시작된다.',NULL),(158,'2025-09-25 17:31:40.093956','https://image.tmdb.org/t/p/w500/eblIShqBgVPmRt86f4e02ouDNhE.jpg','체인소맨 레제편 개봉 기념 체인소맨 몰아보기','2025-09-27','0017531258877818','FUNDING',42,'2025-10-04',23,14,'FAILED',NULL,'체인소맨','체인소 맨',81,36,483,15,'\'체인소의 악마\'포치타와 함께 데블 헌터로 사는 소년 덴지. 부모가 남긴 빚을 갚기 위해, 가난한 생활을 하던 중, 배신을 당해 죽임을 당하고 만다. 희미해지는 의식 속에서, 덴지는 \'포치타\'와 계약을 맺고, 악마의 심장을 가진 자 \'체인소 맨\'으로 되살아난다~!',NULL),(159,'2025-09-25 17:33:22.285978','https://image.tmdb.org/t/p/w500/f5qTmyW3EE7iFrsWPr12irrQ1Q8.jpg','네넹','2025-09-30',NULL,'VOTE',0,NULL,NULL,NULL,'ON_PROGRESS',NULL,'넹','어스',89,37,NULL,6,'애들레이드와 게이브 윌슨은 아이들을 데리고 캘리포니아 북부에 있는 아들레이드의 오래된 해변가로 여름 휴가를 떠난다. 다음날 합류한 타일러 가족과 함께 해변에서 하루를 보내지만, 애들레이드는 과거에 겪은 트라우마 증상이 심해지며 나쁜 일이 일어날 것이라는 공포에 시달린다. 밤이 되고 윌슨은 차도에 조용히 서있는 네명의 손을 맞잡은 뭔가를 보게 되는데...',NULL),(161,'2025-09-25 17:42:15.607941','https://image.tmdb.org/t/p/w500/1mQZZjZdFXXSUyGpEuPb3PThiE6.jpg','레전드가 된 짱구는 못말려 봅시다','2025-09-30',NULL,'VOTE',0,NULL,NULL,NULL,'ON_PROGRESS',NULL,'짱구 볼사람??????','짱구는 못말려',14,24,NULL,15,'5살 유치원생 짱구, 발 냄새가 심한 아빠, 바겐세일을 무척 좋아하는 엄마, 보석과 미남을 좋아하는 짱아, 평범한 듯 소란스러운 짱구 가족의 이야기.\n부리부리부리부리부리',NULL),(162,'2025-09-25 17:45:49.687437','https://image.tmdb.org/t/p/w500/mX3ozgAvhonMzawKFlxjvP605Sm.jpg','재밌다. 실제로 이럴까? 모른다.','2025-11-04','0018533034769615','FUNDING',190,'2025-11-11',19,12,'ON_PROGRESS',NULL,'나우유씨미, 이제 넌 나를 본다...','나우 유 씨 미: 마술사기단',55,24,313,5,'1년 전 만해도 무명이었던 길거리 마술사 포 호스맨은 단 3초만에 파리 은행의 비자금을 통째로 털어 관객들에게 뿌리는 매직쇼를 성공시켜 전세계의 이목을 끈다. 하지만 이것은 시선 끌기였을 뿐! 포 호스맨의 범행은 점점 더 거대해지고 치밀해지는데... 전세계를 무대로 한 통쾌하고 짜릿한 완전범죄 매직쇼가 시작된다!',NULL),(163,'2025-09-25 18:01:06.145006','https://image.tmdb.org/t/p/w500/A94xaplG0exAGrC2CyPS7vEnagu.jpg','고다고','2025-10-01','0019493279468744','FUNDING',180,'2025-10-08',10,9,'ON_PROGRESS',NULL,'억까 받을 때 하는 상영회','이차원 페스 아이돌마스터★♥︎러브라이브! 가합전',78,19,462,9,'Ijigen Fes IDOLM@STER★♥Love Live! Uta Gassen (異次元フェスアイドルマスター★♥ラブライブ！歌合戦 Another Dimension Fes IDOLM@STER★♥Love Live! Song Battle) is an upcoming two-day live concert event that will take place at Tokyo Dome in Bunkyo City, Tokyo on December 9th and 10th, 2023.',NULL),(164,'2025-09-25 18:02:46.805889','https://image.tmdb.org/t/p/w500/8KSjWaNQjHVkLevCWOCkMd4AB6L.jpg','고다고','2025-10-10','0010706267571326','FUNDING',180,'2025-10-17',18,9,'ON_PROGRESS',NULL,'스트레스 풀때 여는 상영회 ','아픈 건 싫으니까 방어력에 올인하려고 합니다',78,19,462,9,'친구가 같이 하자는 말에 시작한 VRMMORPG. ‘메이플’이라는 이름으로 가상현실에 접속한 카에데는 뭐가 뭔지 하나도 몰라, 스테이터스를 모두 VIT(방어력)에 투자하고 마는데…\n\n보통이라면 아무도 고르지 않은 방어 특화의 길. 하지만 그것이 메이플의 특이함과 맞물려 ‘절대방어’라는 스킬을 낳고, 어지간한 일로는 데미지가 1도 들어가지 않는 철벽의 최강 캐릭터를 탄생시켰다?!\n\n순진무구한 온라인 게임 초보 메이플이 방어력에 올인하는 특이한 플레이를 하면서 벌어 지는 웃기고, 신기하고, 가슴 후련한 이야기!',NULL),(165,'2025-09-25 18:05:36.891275','https://image.tmdb.org/t/p/w500/cNgSKN9hxgYDuzdJyWtCuLkuqCi.jpg','고고','2025-10-10','0013449559890289','FUNDING',180,'2025-10-17',23,20,'ON_PROGRESS',NULL,'전 화가날 떄 이걸 봐요','예를 들어 라스트 던전 앞 마을의 소년이 초반 마을에서 사는 듯한 이야기',78,19,462,9,'고향 마을에서는 가장 약한 존재였던 소년 로이드 벨라돈나는,  소설에서 읽은 군인이란 존재에 동경을 품게 된다.  나도 언젠가는 저런 강한 군인이 되고 싶다...\n\n결국 꿈을 쫓아 도시로 나가기로 결심한 로이드는 촌장의 추천을 받아 아자미 왕국의 사관학교로 떠나게 된다.  하지만 로이드는 꿈에도 모르는 사실이 있었으니, 로이드의 고향 마을은 예를 들면 라스트 던전의 앞에 위치하고 있을 법한,\n\n인외마경의 마을이었고 그곳에서 최약의 존재였던 로이드는 바깥 세상에선 초인급 존재였다는 것을...',NULL),(166,'2025-09-25 18:06:33.826587','https://image.tmdb.org/t/p/w500/iugFRgKQNiKXIL0xAGCDiZss0p2.jpg','가즈아','2025-09-27','0019286857969873','FUNDING',2,'2025-10-04',3,2,'FAILED',NULL,'솔직히 이건 봐야해요','가끔씩 툭하고 러시아어로 부끄러워하는 옆자리의 아랴 양',14,19,69,9,'쿠제 마사치카의 옆자리에 앉은 아랴 양은 언제나 쿠제에게 냉랭한 시선을 보낸다. 하지만 가끔씩 툭하고 러시아어로 부끄러워하는데……. 그 말을 마사치카는 흘려듣지 못한다. 놀랍게도 마사치카는 러시아어 리스닝이 원어민 수준이었던 것이다!! 눈치채지 못할 거라 생각하고 가끔씩 부끄러워하는 아랴 양. 그리고 그 의미를 이해하면서도 눈치채지 못한 척하는 마사치카. 히죽거림이 멈추지 않는 두 사람의 연애 행방은——!?',NULL),(167,'2025-09-25 18:11:39.899858','https://image.tmdb.org/t/p/w500/oTJn5I4Fs4TFKOH2nyXGx4IkGmV.jpg','저질 영화를 삭제하라!','2025-10-21','0013379517400100','FUNDING',150,'2025-10-28',16,14,'ON_PROGRESS',NULL,'고급스러운 영화','물랑루즈',39,24,243,7,'19세기 말 프랑스 파리 물랑루즈의 아름다운 뮤지컬 가수 샤틴(니콜 키드먼 분)은 자신의 신분 상승과 성공을 위해 야심을 가지고 있다. 클럽의 매니저로부터 스폰서를 구하고 있던 샤틴은 우연한 기회에 젊고 이상에 사로잡힌 시인 크리시티앙(이완 맥그리거 분)을 만난다. 부루조아적 삶에 지쳐 자신의 기득권을 포기하고 물랑루즈라는 신비의 세계에 합류한 크리시티앙은 샤틴을 만나는 순간 운명적인 사랑에 빠진다. 크리시티앙은 샤틴을 위해 자신을 헌신해 간다. 하지만 샤틴에게는 누구도 모르는 슬픈 운명이 놓여있는데.',NULL),(168,'2025-09-25 18:13:39.987816','https://image.tmdb.org/t/p/w500/v5URBLEZCtICf0DsnEztdrAs4dD.jpg','좋은 영화라고.... 감동적이라고,,, 인간이라면 봐야할...','2025-10-21','0014390337926045','FUNDING',30,'2025-10-28',12,10,'ON_PROGRESS',NULL,'진짜 보고싶은 휴먼 드라마','에이 아이',4,24,17,8,'극지방의 해빙으로 인해 도시들이 물에 잠기고 지구상의 모든 천연자원이 고갈되어 가는 먼 미래. 인류의 과학문명은 천문학적인 속도로 발전하여 인공지능을 지닌 로봇을 개발하기에 이른다. 어느 날 하비 박사는 로봇공학 발전의 마지막 관문이자, 논란의 쟁점이 되고 있는 감정이 있는 로봇을 만들겠다고 공언한다. 그는 로봇회사인 사이버트로닉스사에서 감정을 지닌 최초의 인공지능 로봇 데이비드를 탄생시킨다. 데이비드는 사이버트로닉스사의 직원인 헨리 스윈튼과 모니카의 집에 실험 케이스로 입양되는데...',NULL),(169,'2025-09-25 18:14:37.773381','https://image.tmdb.org/t/p/w500/t7L2YDpu635qKT3ehqZxry4yvTX.jpg','굳','2025-10-14','0019071271240872','FUNDING',5,'2025-10-21',11,9,'ON_PROGRESS',NULL,'전쟁통에 피어난 아름다움','피아니스트',58,24,339,7,'1939년 폴란드 바르샤바, 유명한 유대계 피아니스트 블라디슬로프 스필만은 한 인기 라디오 프로그램에서 쇼팽의 야상곡을 연주하다 폭격을 당한다. 이후 유태인인 스필만과 가족들은 게토에서 생활하지만, 결국 수용소로 향하는 기차에 몸을 싣게 된다. 가족들을 죽음으로 내보내고 간신히 목숨을 구한 스필만은 허기와 추위, 고독과 공포 속에서 마지막까지 생존해 나간다. 자신을 도와주던 몇몇의 사람마저 떠나고, 자신만의 은신처에서 끈질기게 생존을 유지하는 스필만. 어둠과 추위로 가득한 폐건물 속에서 은신생활 중 스필만은 우연찮게 순찰을 돌던 독일 장교에게 발각되는데...',NULL),(170,'2025-09-25 21:33:30.270301','https://image.tmdb.org/t/p/w500/h8qzZtSScJV1zIf6lVc4449Zgui.jpg','위대한 쇼맨 노래 짱 좋음 ? ','2025-11-06','0018448444429496','FUNDING',20,'2025-11-13',12,10,'ON_PROGRESS',NULL,'위대한 쇼맨 같이 보실 분','위대한 쇼맨',19,20,111,7,'바넘은 가난한 재단사의 아들이었다. 아버지까지 병으로 죽자 그는 고아로서 힘겨운 삶을 보내야 했지만, 그에게는 채리티와 사랑을 이루겠다는 꿈이 있었다. 결국 채리티와 결혼을 한 바넘은 환상의 세계를 보여주겠다는 자신의 또 다른 꿈을 이루기 위해 특별한 쇼를 연다. 쇼는 성공적이었지만, 진실이 없다는 언론의 평가와 저질 쇼라는 사람들의 비난에 상심한 바넘은 상류층까지 좋아할 수 있는 쇼를 기획하기 위해 상류층 연극인 필립을 영입한다. 필립과 함께 유럽 제일의 오페라 가수 제니를 만난 바넘은 제니에게 매료되어 가족과 동료들을 외면하고 상류사회에 편입되기를 희망한다.',NULL),(171,'2025-09-25 23:03:49.094745','https://image.tmdb.org/t/p/w500/m4T4h20ame5nG7a5iNPCwk0pHEG.jpg','시리즈가 참 많이 있지만 근본은 쥬라기공원','2025-10-30','0019245958779107','FUNDING',10,'2025-11-06',12,10,'ON_PROGRESS',NULL,'쥬라기공원','쥬라기 공원',82,20,504,8,'코스타리카 서해안의 한 섬에 세워진 테마 파크 쥬라기 공원. 최신 복제 기술로 살아난 공룡들이 활보하는 이곳에 공룡학자를 비롯한 각계의 전문가가 일반 공개에 앞서 정밀 안전 진단을 위한 투어에 나선다. 그러나 최첨단 컴퓨터 시스템으로 철저히 통제되고 있는 공룡들이 예기치 않은 사고로 폭주하게 되고, 여기에 설상가상으로 태풍까지 몰려오면서 일행들의 투어는 순식간에 생존을 위한 사투의 현장으로 뒤바뀌는데...',NULL),(172,'2025-09-26 09:31:01.322414','https://j13a110.p.ssafy.io/api/image/banner-6ff3659d-7a16-4339-b5b7-ccc3ec85d21br.png','asdf','2025-10-15','0012908601124444','FUNDING',27,'2025-10-22',15,12,'ON_PROGRESS',NULL,'asdf','이몸, 등장!',65,23,383,16,'하하하',NULL),(173,'2025-09-26 10:49:57.237092','https://image.tmdb.org/t/p/w500/86xiyeoBuqIlP5TitF7L0dqsLd9.jpg','CGV Screen X로 트와이스 콘서트 함께 보시죠','2025-09-30','0015210351490948','FUNDING',100,'2025-10-07',23,20,'EVALUATING',NULL,'트와이스 콘서트 보실 분~~','트와이스랜드',77,11,459,18,'2018년 5월, 아시아 원톱 걸그룹 ‘트와이스’의 두 번째 투어 ‘트와이스랜드 존 2 : 판타지파크(TWICELAND ZONE 2 : FANTASY PARK)’가 세계 팬들에게 눈으로 한 번, 귀로 한 번, 두 배의 감동을 전하며 화려한 막을 내린 잊을 수 없는 그 열기와 흥분을 스크린에 고스란히 담았다. 영화 ‘트와이스랜드(TWICELAND)’를 통해 두 번째 콘서트 실황과 9명의 멤버들의 인간적이고 진솔한 모습을 만난다. 데뷔곡 ‘우아하게(OOH-AHH하게)’부터 ‘치어업(CHEER UP)’, ‘티티(TT)’, ‘낙낙(KNOCK KNOCK)’, ‘시그널(SIGNAL)’ 등 매 앨범마다 음원 사이트 1위를 기록한 히트곡들과 밝은 에너지 가득한 무대로 실제 콘서트장에 있는 듯한 현장감을 전한다.',NULL),(174,'2025-09-26 13:56:31.393291','https://image.tmdb.org/t/p/w500/25CanTqZbSxroa2dqcbtRi7jaQ5.jpg','드라마가 인생이지','2025-10-08','0013077622852998','FUNDING',140,'2025-10-15',15,13,'ON_PROGRESS',NULL,'드라마 봐요','프리즌 브레이크',66,11,396,14,'2005년 8월 FOX에서 방영을 시작한 스릴러. 로욜라 대학에서 건축학을 전공한 후 미들턴 재판소 건축 설계 엔지니어로 근무하던 마이클 스코필드(웬트워스 밀러)는 그의 형인 링컨(도미닉 퍼셀)이 부통령 동생의 살인 누명을 쓰고 수감되어 사형을 선고받자, 형을 탈옥시키고 누명을 벗기기 위해 몸 전체에 교도소의 지도를 문신으로 세기고 의도적으로 은행강도를 저질러 형이 있는 감옥에 수감된다. 하지만 그가 들어가기 전에 세워둔 완벽하다고 생각했던 계획들은 인간이라는 장애물 앞에 조금씩 어긋나기 시작한다.',NULL),(175,'2025-09-26 15:58:15.166348','https://image.tmdb.org/t/p/w500/lwFmxkWkG5aH0Os6s8ILoN0CWLY.jpg','gth','2025-10-09','0018813956467735','FUNDING',30,'2025-10-16',22,14,'ON_PROGRESS',NULL,'tyeu','The Guatitas F#####g Suck: Beach Special',36,11,215,9,'An unexpected plan among friends, and a trip to the beach is what you will see, documented with an Aliexpress camera and set to music created with AI, dive into this adventure to Algarrobo.',NULL),(177,'2025-09-27 00:39:23.501692','https://image.tmdb.org/t/p/w500/g9ArpDiGMz9OCCCdI1JKmS5JteH.jpg','이 영화 은근 재밌는데 진짜로 고양이 가면 들고 와서 같이 보실 분~???','2025-09-29','0016742733223958','FUNDING',10,'2025-10-06',8,7,'ON_PROGRESS',NULL,'고양이 가면 쓰고 울고 싶은 사람 급구!','울고 싶은 나는 고양이 가면을 쓴다',19,20,108,9,'난 네가 맘에 드는데, 넌 내게 관심이 없나 봐. 그래서 고양이로 변신했어, 너랑 친해지고 싶어서. 하지만 너무 오랫동안 고양이로 있었던 탓일까, 어느새 경계가 흐려진 소녀. 인간과 고양이의 갈림길에서 선택의 순간을 맞는다.',NULL),(178,'2025-09-27 22:38:43.155025','https://image.tmdb.org/t/p/w500/vt3dmMiBuwxkZrncNxTsfLaYCxW.jpg','위키드 같이 보실 분 구합니다.','2025-09-28','0016164895353336','FUNDING',13,'2025-10-05',23,11,'ON_PROGRESS',NULL,'위키드 같이 보실 분','위키드: 포 굿',82,11,505,20,'오즈의 땅을 배경으로, Dorothy Gale가 캔자스에서 도착하기 전과 후의 이야기를 다룬다. Elphaba와 Glinda의 우정은 서쪽의 사악한 마녀와 북쪽의 착한 마녀로서의 새로운 정체성을 받아들이면서 시험대에 오르게 된다. 그들의 행동이 오즈 전체를 영원히 어떻게 변화시킬 것인지에 대한 이야기를 담고 있다.',NULL),(179,'2025-09-27 22:44:52.021003','https://image.tmdb.org/t/p/w500/bwV9BA7EyejT347YI38FmTwl599.jpg','같이 보실 분들 보고싶어요 고고','2025-10-02',NULL,'VOTE',0,NULL,NULL,NULL,'ON_PROGRESS',NULL,'제발 같이 봐요','테이큰 3',35,11,NULL,5,'브라이언 밀스는 전 부인 레니의 방문 소식을 듣고 집으로 돌아오지만, 살해당한 아내의 시체를 발견하게 된다. 경찰이 들이닥치자 그는 살인범으로 체포되기 직전 탈출한다. 경찰, FBI, CIA가 모두 그를 쫓는 가운데, 브라이언에게 가장 중요한 것은 딸 킴을 지키는 것이다. 그는 부인을 죽인 범인을 찾고 딸을 보호하기 위해 목숨을 건 추격을 시작한다.',NULL),(180,'2025-09-27 22:46:09.756471','https://image.tmdb.org/t/p/w500/uH8q40cjMAjrRHyPJMbQwAIJATb.jpg','추석 연휴 긴데 같이 영화보러 가시져','2025-10-02',NULL,'VOTE',0,NULL,NULL,NULL,'ON_PROGRESS',NULL,'추석 때 영화보실 분','마션',57,11,NULL,8,'NASA의 아레스 3 탐사대는 화성에서 거대한 모래 폭풍을 만나고, 마크 와트니가 실종되자 그를 찾는 것을 포기하고 화성을 떠난다. 극적으로 생존한 마크 와트니는 남은 식량과 재치로 화성에서 살아남으며 자신이 살아있음을 지구에 알리려 노력한다. 결국 마크 와트니는 지구에 자신의 생존을 알리게 되고, NASA와 아레스 3 탐사대는 그를 구출하기 위해 총력을 기울인다.',NULL),(181,'2025-09-27 23:32:52.090448','https://j13a110.p.ssafy.io/api/image/banner-3a2cf3b4-1a3d-4446-b529-78d20dd500acr.png','여의도에서 못 보고 집에서 TV로 봤지만 아쉬웠던 사람들 모여라','2025-10-08','0016597422872174','FUNDING',20,'2025-10-15',11,10,'ON_PROGRESS',NULL,'2025 서울 불꽃 축제 보러 오세요','2025 서울 세계 불꽃 축제',19,11,108,21,'엠빅뉴스 생중계',NULL);
/*!40000 ALTER TABLE `fundings` ENABLE KEYS */;
UNLOCK TABLES;

--
-- Table structure for table `screen_unavailable_time`
--

DROP TABLE IF EXISTS `screen_unavailable_time`;
/*!40101 SET @saved_cs_client     = @@character_set_client */;
/*!50503 SET character_set_client = utf8mb4 */;
CREATE TABLE `screen_unavailable_time` (
  `id` bigint NOT NULL AUTO_INCREMENT,
  `hour_block` tinyint NOT NULL,
  `target_date` date NOT NULL,
  `screen_id` bigint DEFAULT NULL,
  PRIMARY KEY (`id`),
  UNIQUE KEY `UKf0ecwdy8itd3hknkypw2nafac` (`screen_id`,`target_date`,`hour_block`),
  CONSTRAINT `FKg9yhrk77hi6xmqy3uyae73t6t` FOREIGN KEY (`screen_id`) REFERENCES `screens` (`screen_id`)
) ENGINE=InnoDB AUTO_INCREMENT=1300 DEFAULT CHARSET=utf8mb4 COLLATE=utf8mb4_0900_ai_ci;
/*!40101 SET character_set_client = @saved_cs_client */;

--
-- Dumping data for table `screen_unavailable_time`
--

LOCK TABLES `screen_unavailable_time` WRITE;
/*!40000 ALTER TABLE `screen_unavailable_time` DISABLE KEYS */;
INSERT INTO `screen_unavailable_time` VALUES (732,2,'2025-10-04',1),(733,3,'2025-10-04',1),(734,4,'2025-10-04',1),(735,5,'2025-10-04',1),(736,6,'2025-10-04',1),(737,7,'2025-10-04',1),(449,10,'2025-10-04',1),(450,11,'2025-10-04',1),(451,12,'2025-10-04',1),(452,13,'2025-10-04',1),(453,14,'2025-10-04',1),(454,15,'2025-10-04',1),(455,16,'2025-10-04',1),(456,17,'2025-10-04',1),(759,20,'2025-10-04',1),(760,21,'2025-10-04',1),(761,22,'2025-10-04',1),(762,23,'2025-10-04',1),(1,2,'2025-09-19',2),(2,3,'2025-09-19',2),(3,4,'2025-09-19',2),(4,5,'2025-09-19',2),(5,6,'2025-09-19',2),(6,7,'2025-09-19',2),(7,8,'2025-09-19',2),(8,9,'2025-09-19',2),(952,13,'2025-10-04',9),(953,14,'2025-10-04',9),(954,15,'2025-10-04',9),(955,16,'2025-10-04',9),(956,17,'2025-10-04',9),(957,18,'2025-10-04',9),(255,9,'2025-09-25',10),(256,10,'2025-09-25',10),(257,11,'2025-09-25',10),(258,12,'2025-09-25',10),(259,13,'2025-09-25',10),(260,14,'2025-09-25',10),(261,15,'2025-09-25',10),(262,16,'2025-09-25',10),(263,17,'2025-09-25',10),(228,11,'2025-11-14',10),(229,12,'2025-11-14',10),(230,13,'2025-11-14',10),(231,14,'2025-11-14',10),(232,15,'2025-11-14',10),(233,16,'2025-11-14',10),(234,17,'2025-11-14',10),(235,18,'2025-11-14',10),(236,19,'2025-11-14',10),(237,20,'2025-11-14',10),(315,7,'2025-09-26',12),(316,8,'2025-09-26',12),(317,9,'2025-09-26',12),(318,10,'2025-09-26',12),(319,11,'2025-09-26',12),(320,12,'2025-09-26',12),(321,13,'2025-09-26',12),(322,14,'2025-09-26',12),(323,15,'2025-09-26',12),(1096,13,'2025-10-03',15),(1097,14,'2025-10-03',15),(1098,15,'2025-10-03',15),(1099,16,'2025-10-03',15),(1100,17,'2025-10-03',15),(1101,18,'2025-10-03',15),(1102,19,'2025-10-03',15),(1103,20,'2025-10-03',15),(1104,21,'2025-10-03',15),(976,1,'2025-10-04',15),(977,2,'2025-10-04',15),(978,3,'2025-10-04',15),(949,7,'2025-10-04',15),(950,8,'2025-10-04',15),(951,9,'2025-10-04',15),(944,10,'2025-10-04',15),(945,11,'2025-10-04',15),(605,13,'2025-10-04',15),(606,14,'2025-10-04',15),(607,15,'2025-10-04',15),(608,16,'2025-10-04',15),(609,17,'2025-10-04',15),(610,18,'2025-10-04',15),(611,19,'2025-10-04',15),(612,20,'2025-10-04',15),(613,21,'2025-10-04',15),(881,0,'2025-10-04',16),(882,1,'2025-10-04',16),(883,2,'2025-10-04',16),(884,3,'2025-10-04',16),(818,7,'2025-10-04',16),(819,8,'2025-10-04',16),(820,9,'2025-10-04',16),(821,10,'2025-10-04',16),(822,11,'2025-10-04',16),(823,12,'2025-10-04',16),(824,13,'2025-10-04',16),(825,14,'2025-10-04',16),(826,15,'2025-10-04',16),(827,16,'2025-10-04',16),(925,17,'2025-10-04',16),(926,18,'2025-10-04',16),(855,19,'2025-10-04',16),(856,20,'2025-10-04',16),(857,21,'2025-10-04',16),(858,22,'2025-10-04',16),(33,11,'2025-09-25',17),(34,12,'2025-09-25',17),(35,13,'2025-09-25',17),(36,14,'2025-09-25',17),(37,15,'2025-09-25',17),(38,16,'2025-09-25',17),(39,17,'2025-09-25',17),(40,18,'2025-09-25',17),(41,19,'2025-09-25',17),(519,10,'2025-10-03',17),(520,11,'2025-10-03',17),(521,12,'2025-10-03',17),(522,13,'2025-10-03',17),(523,14,'2025-10-03',17),(524,15,'2025-10-03',17),(525,16,'2025-10-03',17),(526,17,'2025-10-03',17),(527,18,'2025-10-03',17),(438,10,'2025-10-04',17),(439,11,'2025-10-04',17),(440,12,'2025-10-04',17),(441,13,'2025-10-04',17),(442,14,'2025-10-04',17),(443,15,'2025-10-04',17),(444,16,'2025-10-04',17),(445,17,'2025-10-04',17),(446,18,'2025-10-04',17),(935,20,'2025-10-04',17),(936,21,'2025-10-04',17),(937,22,'2025-10-04',17),(938,23,'2025-10-04',17),(1239,10,'2025-10-28',17),(1240,11,'2025-10-28',17),(1241,12,'2025-10-28',17),(25,10,'2025-09-25',19),(26,11,'2025-09-25',19),(27,12,'2025-09-25',19),(28,13,'2025-09-25',19),(29,14,'2025-09-25',19),(30,15,'2025-09-25',19),(31,16,'2025-09-25',19),(32,17,'2025-09-25',19),(1028,10,'2025-10-04',19),(1029,11,'2025-10-04',19),(1030,12,'2025-10-04',19),(1031,13,'2025-10-04',19),(1032,14,'2025-10-04',19),(1033,15,'2025-10-04',19),(1034,16,'2025-10-04',19),(280,12,'2025-10-04',23),(281,13,'2025-10-04',23),(282,14,'2025-10-04',23),(283,15,'2025-10-04',23),(284,16,'2025-10-04',23),(285,17,'2025-10-04',23),(585,3,'2025-10-04',28),(586,4,'2025-10-04',28),(587,5,'2025-10-04',28),(588,6,'2025-10-04',28),(589,7,'2025-10-04',28),(590,8,'2025-10-04',28),(591,9,'2025-10-04',28),(592,10,'2025-10-04',28),(593,11,'2025-10-04',28),(594,12,'2025-10-04',28),(595,13,'2025-10-04',28),(596,14,'2025-10-04',28),(763,17,'2025-10-04',28),(764,18,'2025-10-04',28),(765,19,'2025-10-04',28),(766,20,'2025-10-04',28),(767,21,'2025-10-04',28),(768,22,'2025-10-04',28),(769,23,'2025-10-04',28),(177,10,'2025-09-24',65),(178,11,'2025-09-24',65),(179,12,'2025-09-24',65),(180,13,'2025-09-24',65),(181,14,'2025-09-24',65),(182,15,'2025-09-24',65),(183,16,'2025-09-24',65),(184,17,'2025-09-24',65),(1035,13,'2025-10-04',67),(1036,14,'2025-10-04',67),(1037,15,'2025-10-04',67),(1038,16,'2025-10-04',67),(185,11,'2025-09-25',69),(186,12,'2025-09-25',69),(187,13,'2025-09-25',69),(188,14,'2025-09-25',69),(189,15,'2025-09-25',69),(190,16,'2025-09-25',69),(191,17,'2025-09-25',69),(192,18,'2025-09-25',69),(193,19,'2025-09-25',69),(194,20,'2025-09-25',69),(195,21,'2025-09-25',69),(1234,2,'2025-10-04',69),(1235,3,'2025-10-04',69),(247,11,'2025-10-04',69),(248,12,'2025-10-04',69),(249,13,'2025-10-04',69),(250,14,'2025-10-04',69),(251,15,'2025-10-04',69),(252,16,'2025-10-04',69),(253,17,'2025-10-04',69),(254,18,'2025-10-04',69),(349,7,'2025-10-03',85),(350,8,'2025-10-03',85),(351,9,'2025-10-03',85),(352,10,'2025-10-03',85),(353,11,'2025-10-03',85),(354,12,'2025-10-03',85),(355,13,'2025-10-03',85),(356,14,'2025-10-03',85),(357,15,'2025-10-03',85),(1118,21,'2025-10-01',107),(1119,22,'2025-10-01',107),(1120,23,'2025-10-01',107),(1279,7,'2025-10-06',108),(1280,8,'2025-10-06',108),(1298,10,'2025-10-15',108),(1299,11,'2025-10-15',108),(1296,2,'2025-11-13',108),(1297,3,'2025-11-13',108),(468,8,'2025-10-04',109),(469,9,'2025-10-04',109),(470,10,'2025-10-04',109),(471,11,'2025-10-04',109),(472,12,'2025-10-04',109),(473,13,'2025-10-04',109),(474,14,'2025-10-04',109),(475,15,'2025-10-04',109),(476,16,'2025-10-04',109),(477,17,'2025-10-04',109),(478,18,'2025-10-04',109),(479,19,'2025-10-04',109),(480,20,'2025-10-04',109),(481,21,'2025-10-04',109),(482,22,'2025-10-04',109),(1277,9,'2025-10-15',109),(1278,10,'2025-10-15',109),(1245,10,'2025-11-13',111),(1246,11,'2025-11-13',111),(1247,12,'2025-11-13',111),(1107,2,'2025-10-04',112),(1108,3,'2025-10-04',112),(1132,10,'2025-10-02',116),(1133,11,'2025-10-02',116),(1134,12,'2025-10-02',116),(658,2,'2025-10-04',145),(659,3,'2025-10-04',145),(660,4,'2025-10-04',145),(661,5,'2025-10-04',145),(662,6,'2025-10-04',145),(663,7,'2025-10-04',145),(664,8,'2025-10-04',145),(665,9,'2025-10-04',145),(666,10,'2025-10-04',145),(667,11,'2025-10-04',145),(668,12,'2025-10-04',145),(669,13,'2025-10-04',145),(670,14,'2025-10-04',145),(1058,1,'2025-10-04',178),(1059,2,'2025-10-04',178),(1060,3,'2025-10-04',178),(507,8,'2025-10-04',178),(508,9,'2025-10-04',178),(509,10,'2025-10-04',178),(510,11,'2025-10-04',178),(511,12,'2025-10-04',178),(512,13,'2025-10-04',178),(513,14,'2025-10-04',178),(514,15,'2025-10-04',178),(515,16,'2025-10-04',178),(516,17,'2025-10-04',178),(517,18,'2025-10-04',178),(518,19,'2025-10-04',178),(1105,7,'2025-10-08',178),(1106,8,'2025-10-08',178),(16,11,'2025-09-23',179),(17,12,'2025-09-23',179),(18,13,'2025-09-23',179),(19,14,'2025-09-23',179),(20,15,'2025-09-23',179),(21,16,'2025-09-23',179),(22,17,'2025-09-23',179),(23,18,'2025-09-23',179),(24,19,'2025-09-23',179),(324,9,'2025-09-27',179),(325,10,'2025-09-27',179),(326,11,'2025-09-27',179),(327,12,'2025-09-27',179),(328,13,'2025-09-27',179),(329,14,'2025-09-27',179),(330,15,'2025-09-27',179),(331,16,'2025-09-27',179),(332,17,'2025-09-27',179),(483,7,'2025-10-04',179),(484,8,'2025-10-04',179),(485,9,'2025-10-04',179),(486,10,'2025-10-04',179),(487,11,'2025-10-04',179),(488,12,'2025-10-04',179),(489,13,'2025-10-04',179),(490,14,'2025-10-04',179),(491,15,'2025-10-04',179),(492,16,'2025-10-04',179),(493,17,'2025-10-04',179),(681,7,'2025-10-08',179),(682,8,'2025-10-08',179),(683,9,'2025-10-08',179),(684,10,'2025-10-08',179),(685,11,'2025-10-08',179),(686,12,'2025-10-08',179),(687,13,'2025-10-08',179),(688,14,'2025-10-08',179),(689,15,'2025-10-08',179),(690,16,'2025-10-08',179),(691,17,'2025-10-08',179),(570,12,'2025-10-15',181),(571,13,'2025-10-15',181),(572,14,'2025-10-15',181),(573,15,'2025-10-15',181),(574,16,'2025-10-15',181),(575,17,'2025-10-15',181),(576,18,'2025-10-15',181),(577,19,'2025-10-15',181),(578,20,'2025-10-15',181),(579,21,'2025-10-15',181),(580,22,'2025-10-15',181),(1009,12,'2025-10-03',187),(1010,13,'2025-10-03',187),(1011,14,'2025-10-03',187),(1012,15,'2025-10-03',187),(1013,16,'2025-10-03',187),(1014,17,'2025-10-03',187),(1015,18,'2025-10-03',187),(1016,19,'2025-10-03',187),(1017,20,'2025-10-03',187),(1018,21,'2025-10-03',187),(1093,1,'2025-10-04',187),(1094,2,'2025-10-04',187),(1095,3,'2025-10-04',187),(1109,20,'2025-10-10',187),(1110,21,'2025-10-10',187),(1111,22,'2025-10-10',187),(59,11,'2025-09-19',188),(60,12,'2025-09-19',188),(61,13,'2025-09-19',188),(62,14,'2025-09-19',188),(63,15,'2025-09-19',188),(64,16,'2025-09-19',188),(65,17,'2025-09-19',188),(66,18,'2025-09-19',188),(67,19,'2025-09-19',188),(68,20,'2025-09-19',188),(1185,10,'2025-10-30',202),(1186,11,'2025-10-30',202),(1187,12,'2025-10-30',202),(1050,14,'2025-10-01',205),(1051,15,'2025-10-01',205),(1052,16,'2025-10-01',205),(1053,17,'2025-10-01',205),(1054,18,'2025-10-01',205),(1055,19,'2025-10-01',205),(1056,20,'2025-10-01',205),(1057,21,'2025-10-01',205),(942,1,'2025-10-04',205),(943,2,'2025-10-04',205),(1266,14,'2025-10-16',215),(1267,15,'2025-10-16',215),(1268,16,'2025-10-16',215),(1269,17,'2025-10-16',215),(1270,18,'2025-10-16',215),(1271,19,'2025-10-16',215),(1272,20,'2025-10-16',215),(1273,21,'2025-10-16',215),(1274,22,'2025-10-16',215),(1236,14,'2025-10-28',243),(1237,15,'2025-10-28',243),(1238,16,'2025-10-28',243),(1210,12,'2025-11-11',313),(1211,13,'2025-11-11',313),(1212,14,'2025-11-11',313),(1213,15,'2025-11-11',313),(1214,16,'2025-11-11',313),(1215,17,'2025-11-11',313),(1216,18,'2025-11-11',313),(1217,19,'2025-11-11',313),(958,11,'2025-10-21',323),(959,12,'2025-10-21',323),(960,13,'2025-10-21',323),(961,14,'2025-10-21',323),(962,15,'2025-10-21',323),(963,16,'2025-10-21',323),(964,17,'2025-10-21',323),(965,18,'2025-10-21',323),(966,19,'2025-10-21',323),(967,20,'2025-10-21',323),(968,21,'2025-10-21',323),(424,9,'2025-10-04',332),(425,10,'2025-10-04',332),(426,11,'2025-10-04',332),(427,12,'2025-10-04',332),(428,13,'2025-10-04',332),(429,14,'2025-10-04',332),(430,15,'2025-10-04',332),(1242,9,'2025-10-21',339),(1243,10,'2025-10-21',339),(1244,11,'2025-10-21',339),(494,10,'2025-10-03',341),(495,11,'2025-10-03',341),(496,12,'2025-10-03',341),(497,13,'2025-10-03',341),(498,14,'2025-10-03',341),(499,15,'2025-10-03',341),(500,16,'2025-10-03',341),(501,17,'2025-10-03',341),(502,18,'2025-10-03',341),(503,19,'2025-10-03',341),(504,20,'2025-10-03',341),(505,21,'2025-10-03',341),(506,22,'2025-10-03',341),(402,8,'2025-10-04',341),(403,9,'2025-10-04',341),(404,10,'2025-10-04',341),(405,11,'2025-10-04',341),(406,12,'2025-10-04',341),(407,13,'2025-10-04',341),(408,14,'2025-10-04',341),(409,15,'2025-10-04',341),(410,16,'2025-10-04',341),(411,17,'2025-10-04',341),(431,10,'2025-10-02',342),(432,11,'2025-10-02',342),(433,12,'2025-10-02',342),(434,13,'2025-10-02',342),(435,14,'2025-10-02',342),(436,15,'2025-10-02',342),(437,16,'2025-10-02',342),(1061,2,'2025-10-04',342),(1062,3,'2025-10-04',342),(671,9,'2025-10-04',342),(672,10,'2025-10-04',342),(673,11,'2025-10-04',342),(674,12,'2025-10-04',342),(675,13,'2025-10-04',342),(676,14,'2025-10-04',342),(677,15,'2025-10-04',342),(678,16,'2025-10-04',342),(679,17,'2025-10-04',342),(680,18,'2025-10-04',342),(412,9,'2025-10-04',348),(413,10,'2025-10-04',348),(414,11,'2025-10-04',348),(415,12,'2025-10-04',348),(416,13,'2025-10-04',348),(417,14,'2025-10-04',348),(418,15,'2025-10-04',348),(419,16,'2025-10-04',348),(420,17,'2025-10-04',348),(421,18,'2025-10-04',348),(422,19,'2025-10-04',348),(423,20,'2025-10-04',348),(979,9,'2025-10-04',361),(980,10,'2025-10-04',361),(981,11,'2025-10-04',361),(982,12,'2025-10-04',361),(983,13,'2025-10-04',361),(984,14,'2025-10-04',361),(985,15,'2025-10-04',361),(986,16,'2025-10-04',361),(987,17,'2025-10-04',361),(1121,2,'2025-10-01',376),(1122,3,'2025-10-01',376),(1251,12,'2025-10-22',383),(1252,13,'2025-10-22',383),(1253,14,'2025-10-22',383),(1254,15,'2025-10-22',383),(1063,2,'2025-10-02',396),(1064,3,'2025-10-02',396),(1259,13,'2025-10-15',396),(1260,14,'2025-10-15',396),(1261,15,'2025-10-15',396),(1019,12,'2025-10-04',407),(1020,13,'2025-10-04',407),(1021,14,'2025-10-04',407),(1022,15,'2025-10-04',407),(1023,16,'2025-10-04',407),(1024,17,'2025-10-04',407),(1025,18,'2025-10-04',407),(1026,19,'2025-10-04',407),(1027,20,'2025-10-04',407),(286,9,'2025-10-04',431),(287,10,'2025-10-04',431),(288,11,'2025-10-04',431),(289,12,'2025-10-04',431),(290,13,'2025-10-04',431),(291,14,'2025-10-04',431),(292,15,'2025-10-04',431),(939,1,'2025-10-04',432),(940,2,'2025-10-04',432),(941,3,'2025-10-04',432),(559,10,'2025-10-04',437),(560,11,'2025-10-04',437),(561,12,'2025-10-04',437),(562,13,'2025-10-04',437),(563,14,'2025-10-04',437),(564,15,'2025-10-04',437),(565,16,'2025-10-04',437),(566,17,'2025-10-04',437),(567,18,'2025-10-04',437),(568,19,'2025-10-04',437),(569,20,'2025-10-04',437),(196,3,'2025-10-24',438),(197,4,'2025-10-24',438),(198,5,'2025-10-24',438),(199,6,'2025-10-24',438),(200,7,'2025-10-24',438),(201,8,'2025-10-24',438),(202,9,'2025-10-24',438),(203,10,'2025-10-24',438),(204,11,'2025-10-24',438),(205,12,'2025-10-24',438),(333,11,'2025-10-01',439),(334,12,'2025-10-01',439),(335,13,'2025-10-01',439),(336,14,'2025-10-01',439),(337,15,'2025-10-01',439),(338,16,'2025-10-01',439),(339,17,'2025-10-01',439),(340,18,'2025-10-01',439),(1275,12,'2025-10-14',445),(1276,13,'2025-10-14',445),(727,3,'2025-10-04',457),(728,4,'2025-10-04',457),(729,5,'2025-10-04',457),(730,6,'2025-10-04',457),(731,7,'2025-10-04',457),(1145,7,'2025-11-22',457),(1146,8,'2025-11-22',457),(1147,9,'2025-11-22',457),(1148,10,'2025-11-22',457),(1149,11,'2025-11-22',457),(1150,12,'2025-11-22',457),(1151,13,'2025-11-22',457),(1152,14,'2025-11-22',457),(1153,15,'2025-11-22',457),(1154,16,'2025-11-22',457),(1155,17,'2025-11-22',457),(1156,18,'2025-11-22',457),(1157,19,'2025-11-22',457),(1158,20,'2025-11-22',457),(1159,21,'2025-11-22',457),(1160,22,'2025-11-22',457),(1161,23,'2025-11-22',457),(73,11,'2025-09-19',459),(74,12,'2025-09-19',459),(75,13,'2025-09-19',459),(76,14,'2025-09-19',459),(77,15,'2025-09-19',459),(78,16,'2025-09-19',459),(79,17,'2025-09-19',459),(80,18,'2025-09-19',459),(81,19,'2025-09-19',459),(1085,8,'2025-10-03',459),(1086,9,'2025-10-03',459),(1087,10,'2025-10-03',459),(1088,11,'2025-10-03',459),(1089,12,'2025-10-03',459),(1090,13,'2025-10-03',459),(1091,14,'2025-10-03',459),(1092,15,'2025-10-03',459),(538,11,'2025-10-04',459),(539,12,'2025-10-04',459),(540,13,'2025-10-04',459),(541,14,'2025-10-04',459),(542,15,'2025-10-04',459),(543,16,'2025-10-04',459),(544,17,'2025-10-04',459),(545,18,'2025-10-04',459),(546,19,'2025-10-04',459),(1255,20,'2025-10-04',459),(1256,21,'2025-10-04',459),(1257,22,'2025-10-04',459),(1258,23,'2025-10-04',459),(1115,12,'2025-10-01',462),(1116,13,'2025-10-01',462),(1117,14,'2025-10-01',462),(238,9,'2025-10-03',462),(239,10,'2025-10-03',462),(240,11,'2025-10-03',462),(241,12,'2025-10-03',462),(242,13,'2025-10-03',462),(243,14,'2025-10-03',462),(244,15,'2025-10-03',462),(245,16,'2025-10-03',462),(246,17,'2025-10-03',462),(1169,0,'2025-10-04',462),(1170,1,'2025-10-04',462),(369,2,'2025-10-04',462),(370,3,'2025-10-04',462),(371,4,'2025-10-04',462),(372,5,'2025-10-04',462),(373,6,'2025-10-04',462),(374,7,'2025-10-04',462),(375,8,'2025-10-04',462),(376,9,'2025-10-04',462),(377,10,'2025-10-04',462),(378,11,'2025-10-04',462),(379,12,'2025-10-04',462),(380,13,'2025-10-04',462),(381,14,'2025-10-04',462),(382,15,'2025-10-04',462),(383,16,'2025-10-04',462),(384,17,'2025-10-04',462),(385,18,'2025-10-04',462),(386,19,'2025-10-04',462),(387,20,'2025-10-04',462),(388,21,'2025-10-04',462),(1188,22,'2025-10-04',462),(1189,23,'2025-10-04',462),(1194,11,'2025-10-06',462),(1195,12,'2025-10-06',462),(1196,13,'2025-10-06',462),(1197,14,'2025-10-06',462),(1198,15,'2025-10-06',462),(1199,16,'2025-10-06',462),(1218,9,'2025-10-08',462),(1219,10,'2025-10-08',462),(1112,11,'2025-10-08',462),(1113,12,'2025-10-08',462),(1114,13,'2025-10-08',462),(1220,9,'2025-10-17',462),(1221,10,'2025-10-17',462),(1222,11,'2025-10-17',462),(1223,12,'2025-10-17',462),(1224,13,'2025-10-17',462),(1225,14,'2025-10-17',462),(1226,15,'2025-10-17',462),(1227,16,'2025-10-17',462),(1228,17,'2025-10-17',462),(1229,18,'2025-10-17',462),(1230,20,'2025-10-17',462),(1231,21,'2025-10-17',462),(1232,22,'2025-10-17',462),(1233,23,'2025-10-17',462),(1007,8,'2025-10-04',464),(1008,9,'2025-10-04',464),(997,10,'2025-10-04',464),(998,11,'2025-10-04',464),(999,12,'2025-10-04',464),(1000,13,'2025-10-04',464),(1001,14,'2025-10-04',464),(1002,15,'2025-10-04',464),(1003,16,'2025-10-04',464),(1004,17,'2025-10-04',464),(1005,18,'2025-10-04',464),(1006,19,'2025-10-04',464),(69,20,'2025-09-18',471),(70,21,'2025-09-18',471),(71,22,'2025-09-18',471),(72,23,'2025-09-18',471),(597,2,'2025-10-04',474),(598,3,'2025-10-04',474),(599,4,'2025-10-04',474),(600,5,'2025-10-04',474),(601,6,'2025-10-04',474),(602,7,'2025-10-04',474),(603,8,'2025-10-04',474),(604,9,'2025-10-04',474),(1135,12,'2025-10-04',474),(1136,13,'2025-10-04',474),(1137,14,'2025-10-04',474),(1138,15,'2025-10-04',474),(1139,16,'2025-10-04',474),(1140,17,'2025-10-04',474),(303,3,'2025-09-24',476),(304,4,'2025-09-24',476),(305,5,'2025-09-24',476),(306,6,'2025-09-24',476),(307,7,'2025-09-24',476),(308,8,'2025-09-24',476),(309,9,'2025-09-24',476),(310,10,'2025-09-24',476),(311,11,'2025-09-24',476),(312,12,'2025-09-24',476),(313,13,'2025-09-24',476),(314,14,'2025-09-24',476),(991,7,'2025-10-04',476),(992,8,'2025-10-04',476),(993,9,'2025-10-04',476),(994,10,'2025-10-04',476),(995,11,'2025-10-04',476),(996,12,'2025-10-04',476),(969,13,'2025-10-04',476),(970,14,'2025-10-04',476),(971,15,'2025-10-04',476),(972,16,'2025-10-04',476),(973,17,'2025-10-04',476),(974,18,'2025-10-04',476),(975,19,'2025-10-04',476),(988,20,'2025-10-04',476),(989,21,'2025-10-04',476),(990,22,'2025-10-04',476),(1281,13,'2025-10-08',476),(1282,14,'2025-10-08',476),(614,12,'2025-10-04',478),(615,13,'2025-10-04',478),(616,14,'2025-10-04',478),(617,15,'2025-10-04',478),(618,16,'2025-10-04',478),(619,17,'2025-10-04',478),(620,18,'2025-10-04',478),(621,19,'2025-10-04',478),(622,20,'2025-10-04',478),(358,3,'2025-10-04',479),(359,4,'2025-10-04',479),(360,5,'2025-10-04',479),(361,6,'2025-10-04',479),(362,7,'2025-10-04',479),(363,8,'2025-10-04',479),(364,9,'2025-10-04',479),(365,10,'2025-10-04',479),(366,11,'2025-10-04',479),(367,12,'2025-10-04',479),(368,13,'2025-10-04',479),(1200,14,'2025-10-04',483),(1201,15,'2025-10-04',483),(1202,16,'2025-10-04',483),(1203,17,'2025-10-04',483),(1204,18,'2025-10-04',483),(1205,19,'2025-10-04',483),(1206,20,'2025-10-04',483),(1207,21,'2025-10-04',483),(1208,22,'2025-10-04',483),(1209,23,'2025-10-04',483),(528,3,'2025-10-04',484),(529,4,'2025-10-04',484),(530,5,'2025-10-04',484),(531,6,'2025-10-04',484),(532,7,'2025-10-04',484),(533,8,'2025-10-04',484),(534,9,'2025-10-04',484),(535,10,'2025-10-04',484),(536,11,'2025-10-04',484),(537,12,'2025-10-04',484),(1141,20,'2025-10-04',484),(1142,21,'2025-10-04',484),(1143,22,'2025-10-04',484),(1144,23,'2025-10-04',484),(1175,12,'2025-10-03',504),(1176,13,'2025-10-03',504),(1177,14,'2025-10-03',504),(1178,15,'2025-10-03',504),(1179,16,'2025-10-03',504),(1180,17,'2025-10-03',504),(1181,18,'2025-10-03',504),(1182,19,'2025-10-03',504),(1183,20,'2025-10-03',504),(1184,21,'2025-10-03',504),(1248,10,'2025-11-06',504),(1249,11,'2025-11-06',504),(1250,12,'2025-11-06',504),(1123,9,'2025-10-04',505),(1124,10,'2025-10-04',505),(1125,11,'2025-10-04',505),(1126,12,'2025-10-04',505),(1127,13,'2025-10-04',505),(1128,14,'2025-10-04',505),(1129,15,'2025-10-04',505),(1130,16,'2025-10-04',505),(1131,17,'2025-10-04',505),(1171,19,'2025-10-04',505),(1172,20,'2025-10-04',505),(1173,21,'2025-10-04',505),(1174,22,'2025-10-04',505),(1283,11,'2025-10-05',505),(1284,12,'2025-10-05',505),(1285,13,'2025-10-05',505),(1286,14,'2025-10-05',505),(1287,15,'2025-10-05',505),(1288,16,'2025-10-05',505),(1289,17,'2025-10-05',505),(1290,18,'2025-10-05',505),(1291,19,'2025-10-05',505),(1292,20,'2025-10-05',505),(1293,21,'2025-10-05',505),(1294,22,'2025-10-05',505),(1295,23,'2025-10-05',505),(946,14,'2025-10-18',505),(947,15,'2025-10-18',505),(948,16,'2025-10-18',505),(1162,14,'2025-10-22',505),(1163,15,'2025-10-22',505),(1164,16,'2025-10-22',505),(1165,17,'2025-10-22',505),(927,13,'2025-10-04',548),(928,14,'2025-10-04',548),(929,15,'2025-10-04',548),(930,16,'2025-10-04',548),(931,17,'2025-10-04',548),(932,18,'2025-10-04',548),(933,19,'2025-10-04',548),(934,20,'2025-10-04',548),(1166,10,'2025-10-30',549),(1167,11,'2025-10-30',549),(1168,12,'2025-10-30',549),(1262,15,'2025-10-30',549),(1263,16,'2025-10-30',549),(1264,17,'2025-10-30',549),(1265,18,'2025-10-30',549),(1065,12,'2025-10-03',552),(1066,13,'2025-10-03',552),(1067,14,'2025-10-03',552),(1068,15,'2025-10-03',552),(1069,16,'2025-10-03',552),(1070,17,'2025-10-03',552),(1071,18,'2025-10-03',552),(1072,19,'2025-10-03',552),(1073,20,'2025-10-03',552),(547,9,'2025-10-04',556),(548,10,'2025-10-04',556),(549,11,'2025-10-04',556),(550,12,'2025-10-04',556),(551,13,'2025-10-04',556),(552,14,'2025-10-04',556),(553,15,'2025-10-04',556),(554,16,'2025-10-04',556),(555,17,'2025-10-04',556),(556,18,'2025-10-04',556),(557,19,'2025-10-04',556),(558,20,'2025-10-04',556),(271,9,'2025-09-24',557),(272,10,'2025-09-24',557),(273,11,'2025-09-24',557),(274,12,'2025-09-24',557),(275,13,'2025-09-24',557),(276,14,'2025-09-24',557),(277,15,'2025-09-24',557),(278,16,'2025-09-24',557),(279,17,'2025-09-24',557),(341,8,'2025-10-04',559),(342,9,'2025-10-04',559),(343,10,'2025-10-04',559),(344,11,'2025-10-04',559),(345,12,'2025-10-04',559),(346,13,'2025-10-04',559),(347,14,'2025-10-04',559),(348,15,'2025-10-04',559),(51,10,'2025-09-19',565),(52,11,'2025-09-19',565),(53,12,'2025-09-19',565),(54,13,'2025-09-19',565),(55,14,'2025-09-19',565),(56,15,'2025-09-19',565),(57,16,'2025-09-19',565),(58,17,'2025-09-19',565),(264,10,'2025-09-24',565),(265,11,'2025-09-24',565),(266,12,'2025-09-24',565),(267,13,'2025-09-24',565),(268,14,'2025-09-24',565),(269,15,'2025-09-24',565),(270,16,'2025-09-24',565),(1074,11,'2025-10-03',565),(1075,12,'2025-10-03',565),(1076,13,'2025-10-03',565),(1077,14,'2025-10-03',565),(1078,15,'2025-10-03',565),(1079,16,'2025-10-03',565),(1080,17,'2025-10-03',565),(1081,18,'2025-10-03',565),(1082,19,'2025-10-03',565),(1083,20,'2025-10-03',565),(1084,21,'2025-10-03',565),(581,20,'2025-10-17',565),(582,21,'2025-10-17',565),(583,22,'2025-10-17',565),(584,23,'2025-10-17',565),(723,11,'2025-10-04',566),(724,12,'2025-10-04',566),(725,13,'2025-10-04',566),(726,14,'2025-10-04',566);
/*!40000 ALTER TABLE `screen_unavailable_time` ENABLE KEYS */;
UNLOCK TABLES;

--
-- Table structure for table `screens`
--

DROP TABLE IF EXISTS `screens`;
/*!40101 SET @saved_cs_client     = @@character_set_client */;
/*!50503 SET character_set_client = utf8mb4 */;
CREATE TABLE `screens` (
  `screen_id` bigint NOT NULL AUTO_INCREMENT,
  `is_4dx` bit(1) NOT NULL DEFAULT b'0',
  `is_dolby` bit(1) NOT NULL DEFAULT b'0',
  `is_imax` bit(1) NOT NULL DEFAULT b'0',
  `is_recliner` bit(1) NOT NULL DEFAULT b'0',
  `is_screenx` bit(1) NOT NULL DEFAULT b'0',
  `price` int DEFAULT NULL,
  `screen_name` varchar(255) NOT NULL,
  `seats` int NOT NULL,
  `cinema_id` bigint NOT NULL,
  PRIMARY KEY (`screen_id`),
  KEY `FKqqmvbwdxvrh3mhr78pu495wm0` (`cinema_id`),
  CONSTRAINT `FKqqmvbwdxvrh3mhr78pu495wm0` FOREIGN KEY (`cinema_id`) REFERENCES `cinemas` (`cinema_id`)
) ENGINE=InnoDB AUTO_INCREMENT=573 DEFAULT CHARSET=utf8mb4 COLLATE=utf8mb4_0900_ai_ci;
/*!40101 SET character_set_client = @saved_cs_client */;

--
-- Dumping data for table `screens`
--

LOCK TABLES `screens` WRITE;
/*!40000 ALTER TABLE `screens` DISABLE KEYS */;
INSERT INTO `screens` VALUES (1,_binary '\0',_binary '\0',_binary '\0',_binary '\0',_binary '\0',500000,'01관',164,1),(2,_binary '\0',_binary '\0',_binary '\0',_binary '\0',_binary '\0',500000,'02관',80,1),(3,_binary '\0',_binary '\0',_binary '\0',_binary '\0',_binary '\0',500000,'03관',164,1),(4,_binary '\0',_binary '\0',_binary '\0',_binary '\0',_binary '\0',500000,'04관',82,1),(5,_binary '\0',_binary '\0',_binary '\0',_binary '\0',_binary '\0',500000,'05관',84,1),(6,_binary '\0',_binary '\0',_binary '\0',_binary '\0',_binary '\0',500000,'06관',141,1),(7,_binary '\0',_binary '\0',_binary '\0',_binary '\0',_binary '\0',500000,'07관',141,1),(8,_binary '\0',_binary '\0',_binary '\0',_binary '',_binary '\0',500000,'08관',116,1),(9,_binary '\0',_binary '\0',_binary '\0',_binary '\0',_binary '\0',500000,'01관',160,2),(10,_binary '\0',_binary '\0',_binary '\0',_binary '\0',_binary '\0',500000,'02관',91,2),(11,_binary '\0',_binary '\0',_binary '\0',_binary '\0',_binary '\0',500000,'03관',262,2),(12,_binary '\0',_binary '\0',_binary '\0',_binary '\0',_binary '\0',500000,'04관',117,2),(13,_binary '\0',_binary '\0',_binary '\0',_binary '\0',_binary '\0',500000,'05관',160,2),(14,_binary '\0',_binary '\0',_binary '\0',_binary '\0',_binary '\0',500000,'06관',91,2),(15,_binary '\0',_binary '\0',_binary '\0',_binary '\0',_binary '\0',500000,'01관',286,3),(16,_binary '\0',_binary '\0',_binary '\0',_binary '\0',_binary '\0',500000,'01관',293,4),(17,_binary '\0',_binary '\0',_binary '\0',_binary '\0',_binary '\0',500000,'02관',72,4),(18,_binary '\0',_binary '\0',_binary '\0',_binary '\0',_binary '\0',500000,'01관',50,5),(19,_binary '\0',_binary '\0',_binary '\0',_binary '\0',_binary '\0',500000,'02관',52,5),(21,_binary '\0',_binary '\0',_binary '\0',_binary '\0',_binary '\0',500000,'01관',135,7),(22,_binary '\0',_binary '\0',_binary '\0',_binary '\0',_binary '\0',500000,'02관',128,7),(23,_binary '\0',_binary '\0',_binary '\0',_binary '\0',_binary '\0',500000,'03관',75,7),(24,_binary '\0',_binary '\0',_binary '\0',_binary '\0',_binary '\0',500000,'04관',128,7),(25,_binary '\0',_binary '\0',_binary '\0',_binary '\0',_binary '\0',500000,'05관',135,7),(26,_binary '\0',_binary '\0',_binary '\0',_binary '\0',_binary '\0',500000,'06관',75,7),(27,_binary '\0',_binary '\0',_binary '\0',_binary '\0',_binary '\0',500000,'01관',139,8),(28,_binary '\0',_binary '\0',_binary '\0',_binary '\0',_binary '\0',500000,'02관',134,8),(29,_binary '\0',_binary '\0',_binary '\0',_binary '\0',_binary '\0',500000,'03관',141,8),(30,_binary '\0',_binary '\0',_binary '\0',_binary '\0',_binary '\0',500000,'04관',139,8),(31,_binary '\0',_binary '\0',_binary '\0',_binary '\0',_binary '\0',500000,'05관',183,8),(32,_binary '\0',_binary '\0',_binary '\0',_binary '\0',_binary '\0',500000,'ART 1관',118,9),(33,_binary '\0',_binary '\0',_binary '\0',_binary '\0',_binary '\0',500000,'ART 2관',112,9),(34,_binary '\0',_binary '\0',_binary '\0',_binary '\0',_binary '\0',500000,'3관',182,9),(35,_binary '\0',_binary '\0',_binary '\0',_binary '\0',_binary '\0',500000,'4관',123,9),(36,_binary '\0',_binary '\0',_binary '\0',_binary '\0',_binary '\0',500000,'5관',159,9),(37,_binary '\0',_binary '\0',_binary '\0',_binary '\0',_binary '\0',500000,'03관',189,10),(38,_binary '\0',_binary '\0',_binary '\0',_binary '\0',_binary '\0',500000,'01관',149,10),(39,_binary '\0',_binary '\0',_binary '\0',_binary '\0',_binary '\0',500000,'02관',185,10),(40,_binary '\0',_binary '\0',_binary '\0',_binary '\0',_binary '\0',500000,'05관',153,10),(41,_binary '\0',_binary '\0',_binary '\0',_binary '',_binary '\0',500000,'Charlotte관',34,10),(42,_binary '\0',_binary '\0',_binary '\0',_binary '',_binary '\0',500000,'Comfort 01관',284,11),(43,_binary '\0',_binary '\0',_binary '\0',_binary '',_binary '\0',500000,'Comfort 02관',72,11),(44,_binary '\0',_binary '\0',_binary '\0',_binary '',_binary '\0',500000,'Comfort 03관',89,11),(45,_binary '\0',_binary '\0',_binary '\0',_binary '',_binary '\0',500000,'Comfort 04관',71,11),(46,_binary '\0',_binary '\0',_binary '\0',_binary '',_binary '\0',500000,'Comfort 05관',71,11),(47,_binary '\0',_binary '\0',_binary '\0',_binary '',_binary '\0',500000,'Comfort 06관',64,11),(48,_binary '\0',_binary '\0',_binary '\0',_binary '',_binary '\0',500000,'Comfort 07관',87,11),(49,_binary '\0',_binary '\0',_binary '\0',_binary '',_binary '\0',500000,'Comfort 08관',60,11),(50,_binary '\0',_binary '\0',_binary '\0',_binary '\0',_binary '\0',500000,'01관',230,12),(51,_binary '\0',_binary '\0',_binary '\0',_binary '\0',_binary '\0',500000,'01관',260,13),(52,_binary '\0',_binary '\0',_binary '\0',_binary '\0',_binary '\0',500000,'01관',192,14),(53,_binary '\0',_binary '\0',_binary '\0',_binary '\0',_binary '\0',500000,'02관',172,14),(54,_binary '\0',_binary '\0',_binary '\0',_binary '\0',_binary '\0',500000,'04관',411,14),(55,_binary '\0',_binary '\0',_binary '\0',_binary '\0',_binary '\0',500000,'05관',190,14),(56,_binary '\0',_binary '\0',_binary '\0',_binary '\0',_binary '\0',500000,'06관',200,14),(57,_binary '\0',_binary '\0',_binary '\0',_binary '\0',_binary '\0',500000,'07관',201,14),(58,_binary '\0',_binary '\0',_binary '\0',_binary '\0',_binary '\0',500000,'11관',194,14),(59,_binary '\0',_binary '\0',_binary '\0',_binary '\0',_binary '\0',500000,'12관',214,14),(60,_binary '\0',_binary '\0',_binary '\0',_binary '\0',_binary '\0',500000,'13관',223,14),(61,_binary '\0',_binary '\0',_binary '\0',_binary '\0',_binary '\0',500000,'15관',247,14),(62,_binary '\0',_binary '\0',_binary '\0',_binary '\0',_binary '\0',500000,'17관',166,14),(63,_binary '\0',_binary '\0',_binary '\0',_binary '\0',_binary '\0',500000,'18관',126,14),(64,_binary '\0',_binary '\0',_binary '\0',_binary '\0',_binary '\0',500000,'19관',134,14),(65,_binary '\0',_binary '\0',_binary '\0',_binary '\0',_binary '',500000,'14관',170,14),(66,_binary '\0',_binary '\0',_binary '\0',_binary '\0',_binary '',500000,'16관',142,14),(67,_binary '',_binary '\0',_binary '\0',_binary '\0',_binary '\0',500000,'4DX관',144,14),(68,_binary '\0',_binary '\0',_binary '\0',_binary '',_binary '\0',500000,'Gold Class관',40,14),(69,_binary '\0',_binary '\0',_binary '',_binary '\0',_binary '\0',500000,'IMAX관',624,14),(70,_binary '\0',_binary '\0',_binary '\0',_binary '\0',_binary '\0',500000,'Cine de Chef (TEMPUR Cinema)',50,14),(71,_binary '\0',_binary '\0',_binary '\0',_binary '\0',_binary '\0',500000,'Cine de Chef',64,14),(72,_binary '\0',_binary '\0',_binary '\0',_binary '',_binary '\0',500000,'01관',91,15),(73,_binary '\0',_binary '\0',_binary '\0',_binary '',_binary '\0',500000,'02관',79,15),(74,_binary '\0',_binary '\0',_binary '\0',_binary '',_binary '\0',500000,'03관',53,15),(75,_binary '\0',_binary '\0',_binary '\0',_binary '',_binary '\0',500000,'04관',77,15),(76,_binary '\0',_binary '\0',_binary '\0',_binary '',_binary '\0',500000,'05관',79,15),(77,_binary '\0',_binary '\0',_binary '\0',_binary '',_binary '\0',500000,'06관',66,15),(78,_binary '\0',_binary '\0',_binary '\0',_binary '\0',_binary '\0',500000,'07관',222,15),(79,_binary '\0',_binary '\0',_binary '\0',_binary '\0',_binary '\0',500000,'08관',222,15),(80,_binary '\0',_binary '\0',_binary '\0',_binary '\0',_binary '\0',500000,'01관',107,16),(81,_binary '\0',_binary '\0',_binary '\0',_binary '\0',_binary '\0',500000,'02관',108,16),(82,_binary '\0',_binary '\0',_binary '\0',_binary '\0',_binary '\0',500000,'05관',238,16),(83,_binary '\0',_binary '\0',_binary '\0',_binary '\0',_binary '\0',500000,'07관',282,16),(84,_binary '\0',_binary '\0',_binary '\0',_binary '\0',_binary '\0',500000,'08관',326,16),(85,_binary '\0',_binary '\0',_binary '\0',_binary '\0',_binary '',500000,'04관',214,16),(86,_binary '',_binary '\0',_binary '\0',_binary '\0',_binary '\0',500000,'4DX관',112,16),(87,_binary '\0',_binary '\0',_binary '\0',_binary '\0',_binary '\0',500000,'Cine & Living Room',50,16),(88,_binary '\0',_binary '\0',_binary '\0',_binary '',_binary '\0',500000,'Gold Class관',30,16),(89,_binary '\0',_binary '\0',_binary '',_binary '\0',_binary '\0',500000,'IMAX관',268,16),(90,_binary '\0',_binary '\0',_binary '\0',_binary '\0',_binary '\0',500000,'01관',154,17),(91,_binary '\0',_binary '\0',_binary '\0',_binary '\0',_binary '\0',500000,'02관',170,17),(92,_binary '\0',_binary '\0',_binary '\0',_binary '\0',_binary '\0',500000,'04관',154,17),(93,_binary '\0',_binary '',_binary '\0',_binary '\0',_binary '\0',500000,'03관',279,17),(94,_binary '\0',_binary '\0',_binary '\0',_binary '',_binary '\0',500000,'102호',68,17),(95,_binary '\0',_binary '\0',_binary '\0',_binary '',_binary '\0',500000,'101호(The Boutique Suite)',46,17),(96,_binary '\0',_binary '\0',_binary '\0',_binary '\0',_binary '\0',500000,'02관',218,18),(97,_binary '\0',_binary '\0',_binary '\0',_binary '\0',_binary '\0',500000,'03관',218,18),(98,_binary '\0',_binary '\0',_binary '\0',_binary '\0',_binary '\0',500000,'04관',76,18),(99,_binary '\0',_binary '\0',_binary '\0',_binary '',_binary '\0',500000,'05관',80,18),(100,_binary '\0',_binary '\0',_binary '\0',_binary '\0',_binary '\0',500000,'06관',151,18),(101,_binary '\0',_binary '\0',_binary '\0',_binary '\0',_binary '\0',500000,'07관',141,18),(102,_binary '\0',_binary '\0',_binary '\0',_binary '',_binary '\0',500000,'08관',80,18),(103,_binary '\0',_binary '\0',_binary '\0',_binary '\0',_binary '\0',500000,'09관',162,18),(104,_binary '\0',_binary '\0',_binary '\0',_binary '\0',_binary '\0',500000,'10관',184,18),(105,_binary '',_binary '\0',_binary '\0',_binary '\0',_binary '\0',500000,'4DX관',108,18),(106,_binary '\0',_binary '\0',_binary '\0',_binary '\0',_binary '\0',500000,'Cine & Foret관',48,18),(107,_binary '\0',_binary '\0',_binary '\0',_binary '\0',_binary '\0',500000,'01관',140,19),(108,_binary '\0',_binary '\0',_binary '\0',_binary '\0',_binary '\0',500000,'02관',153,19),(109,_binary '\0',_binary '\0',_binary '\0',_binary '\0',_binary '\0',500000,'03관',151,19),(110,_binary '\0',_binary '\0',_binary '\0',_binary '\0',_binary '\0',500000,'04관',127,19),(111,_binary '\0',_binary '\0',_binary '\0',_binary '\0',_binary '\0',500000,'05관',183,19),(112,_binary '\0',_binary '\0',_binary '\0',_binary '\0',_binary '\0',500000,'01관',152,20),(113,_binary '\0',_binary '\0',_binary '\0',_binary '\0',_binary '\0',500000,'01관',208,21),(114,_binary '\0',_binary '\0',_binary '\0',_binary '\0',_binary '\0',500000,'02관',195,21),(115,_binary '\0',_binary '\0',_binary '\0',_binary '\0',_binary '\0',500000,'03관',166,21),(116,_binary '\0',_binary '\0',_binary '\0',_binary '\0',_binary '\0',500000,'04관',218,21),(117,_binary '\0',_binary '\0',_binary '\0',_binary '\0',_binary '\0',500000,'05관',262,21),(118,_binary '\0',_binary '\0',_binary '\0',_binary '\0',_binary '\0',500000,'06관',401,21),(119,_binary '\0',_binary '\0',_binary '\0',_binary '\0',_binary '\0',500000,'08관',208,21),(120,_binary '\0',_binary '\0',_binary '\0',_binary '\0',_binary '\0',500000,'09관',151,21),(121,_binary '\0',_binary '\0',_binary '\0',_binary '\0',_binary '\0',500000,'10관',154,21),(122,_binary '\0',_binary '\0',_binary '\0',_binary '',_binary '\0',500000,'07관',175,21),(123,_binary '\0',_binary '\0',_binary '\0',_binary '',_binary '\0',500000,'Charlotte관',32,21),(124,_binary '\0',_binary '\0',_binary '\0',_binary '\0',_binary '\0',500000,'01관',155,22),(125,_binary '\0',_binary '\0',_binary '\0',_binary '\0',_binary '\0',500000,'03관',155,22),(126,_binary '\0',_binary '\0',_binary '\0',_binary '\0',_binary '\0',500000,'04관',88,22),(127,_binary '\0',_binary '\0',_binary '\0',_binary '\0',_binary '\0',500000,'05관',155,22),(128,_binary '\0',_binary '\0',_binary '\0',_binary '\0',_binary '\0',500000,'06관',88,22),(129,_binary '\0',_binary '\0',_binary '\0',_binary '\0',_binary '\0',500000,'07관',155,22),(130,_binary '\0',_binary '\0',_binary '\0',_binary '\0',_binary '\0',500000,'08관',88,22),(131,_binary '\0',_binary '\0',_binary '\0',_binary '\0',_binary '\0',500000,'09관',155,22),(132,_binary '\0',_binary '\0',_binary '\0',_binary '\0',_binary '\0',500000,'10관',88,22),(133,_binary '\0',_binary '\0',_binary '\0',_binary '\0',_binary '\0',500000,'01관',237,23),(134,_binary '\0',_binary '\0',_binary '\0',_binary '\0',_binary '\0',500000,'02관',208,23),(135,_binary '\0',_binary '\0',_binary '\0',_binary '\0',_binary '\0',500000,'04관',310,23),(136,_binary '\0',_binary '\0',_binary '\0',_binary '\0',_binary '\0',500000,'05관',344,23),(137,_binary '\0',_binary '\0',_binary '\0',_binary '\0',_binary '\0',500000,'06관',106,23),(138,_binary '\0',_binary '\0',_binary '\0',_binary '\0',_binary '\0',500000,'07관',208,23),(139,_binary '\0',_binary '\0',_binary '\0',_binary '\0',_binary '\0',500000,'08관',250,23),(140,_binary '',_binary '\0',_binary '\0',_binary '\0',_binary '\0',500000,'03관',74,23),(141,_binary '\0',_binary '\0',_binary '\0',_binary '\0',_binary '\0',500000,'01관',321,24),(142,_binary '',_binary '\0',_binary '\0',_binary '\0',_binary '\0',500000,'02관',108,24),(143,_binary '\0',_binary '\0',_binary '\0',_binary '\0',_binary '\0',500000,'03관',87,24),(144,_binary '\0',_binary '\0',_binary '\0',_binary '\0',_binary '\0',500000,'04관',131,24),(145,_binary '\0',_binary '\0',_binary '\0',_binary '\0',_binary '',500000,'05관',174,24),(146,_binary '\0',_binary '\0',_binary '\0',_binary '\0',_binary '\0',500000,'06관',215,24),(147,_binary '\0',_binary '\0',_binary '\0',_binary '\0',_binary '\0',500000,'07관',119,24),(148,_binary '\0',_binary '\0',_binary '\0',_binary '',_binary '\0',500000,'01관',70,25),(149,_binary '\0',_binary '\0',_binary '\0',_binary '',_binary '\0',500000,'02관',81,25),(150,_binary '\0',_binary '\0',_binary '\0',_binary '\0',_binary '\0',500000,'03관',114,25),(151,_binary '\0',_binary '\0',_binary '\0',_binary '\0',_binary '\0',500000,'04관',160,25),(152,_binary '\0',_binary '\0',_binary '\0',_binary '\0',_binary '\0',500000,'05관',114,25),(153,_binary '\0',_binary '\0',_binary '\0',_binary '\0',_binary '\0',500000,'06관',160,25),(154,_binary '\0',_binary '\0',_binary '\0',_binary '\0',_binary '\0',500000,'07관',114,25),(155,_binary '\0',_binary '\0',_binary '\0',_binary '\0',_binary '\0',500000,'08관',160,25),(156,_binary '\0',_binary '\0',_binary '\0',_binary '\0',_binary '\0',500000,'01관',155,26),(157,_binary '\0',_binary '\0',_binary '\0',_binary '\0',_binary '\0',500000,'03관',96,26),(158,_binary '\0',_binary '\0',_binary '\0',_binary '\0',_binary '\0',500000,'04관',154,26),(159,_binary '\0',_binary '\0',_binary '\0',_binary '\0',_binary '\0',500000,'05관',148,26),(160,_binary '\0',_binary '\0',_binary '\0',_binary '\0',_binary '\0',500000,'06관',96,26),(161,_binary '\0',_binary '\0',_binary '\0',_binary '\0',_binary '\0',500000,'07관',154,26),(162,_binary '\0',_binary '\0',_binary '\0',_binary '',_binary '\0',500000,'02관',121,26),(163,_binary '\0',_binary '\0',_binary '\0',_binary '\0',_binary '\0',500000,'01관',206,27),(164,_binary '\0',_binary '\0',_binary '\0',_binary '',_binary '\0',500000,'02관',83,27),(165,_binary '\0',_binary '\0',_binary '\0',_binary '',_binary '\0',500000,'03관',131,27),(166,_binary '\0',_binary '\0',_binary '\0',_binary '\0',_binary '\0',500000,'04관',142,27),(167,_binary '\0',_binary '\0',_binary '\0',_binary '\0',_binary '\0',500000,'05관',206,27),(168,_binary '\0',_binary '\0',_binary '\0',_binary '\0',_binary '\0',500000,'01관',172,28),(169,_binary '\0',_binary '\0',_binary '\0',_binary '\0',_binary '\0',500000,'02관',142,28),(170,_binary '\0',_binary '\0',_binary '\0',_binary '\0',_binary '\0',500000,'아리랑인디웨이브관',127,28),(171,_binary '\0',_binary '\0',_binary '\0',_binary '\0',_binary '\0',500000,'01관',125,29),(172,_binary '\0',_binary '\0',_binary '\0',_binary '\0',_binary '\0',500000,'02관',107,29),(173,_binary '\0',_binary '\0',_binary '\0',_binary '\0',_binary '\0',500000,'03관',93,29),(174,_binary '\0',_binary '\0',_binary '\0',_binary '\0',_binary '\0',500000,'04관',127,29),(175,_binary '\0',_binary '\0',_binary '\0',_binary '\0',_binary '\0',500000,'05관',157,29),(176,_binary '\0',_binary '\0',_binary '\0',_binary '\0',_binary '\0',500000,'06관',82,29),(177,_binary '\0',_binary '\0',_binary '\0',_binary '\0',_binary '\0',500000,'01관',117,30),(178,_binary '\0',_binary '\0',_binary '\0',_binary '\0',_binary '\0',500000,'02관',83,30),(179,_binary '\0',_binary '\0',_binary '\0',_binary '\0',_binary '\0',500000,'03관',124,30),(180,_binary '\0',_binary '\0',_binary '\0',_binary '\0',_binary '\0',500000,'04관',117,30),(181,_binary '\0',_binary '\0',_binary '\0',_binary '\0',_binary '\0',500000,'05관',83,30),(182,_binary '\0',_binary '\0',_binary '\0',_binary '\0',_binary '\0',500000,'06관',124,30),(183,_binary '\0',_binary '\0',_binary '\0',_binary '\0',_binary '\0',500000,'07관',117,30),(184,_binary '\0',_binary '\0',_binary '\0',_binary '\0',_binary '\0',500000,'08관',83,30),(185,_binary '\0',_binary '\0',_binary '\0',_binary '\0',_binary '\0',500000,'09관',124,30),(186,_binary '\0',_binary '\0',_binary '\0',_binary '\0',_binary '\0',500000,'01관',203,31),(187,_binary '\0',_binary '\0',_binary '\0',_binary '\0',_binary '\0',500000,'02관',80,31),(188,_binary '\0',_binary '\0',_binary '\0',_binary '\0',_binary '\0',500000,'03관',136,31),(189,_binary '\0',_binary '\0',_binary '\0',_binary '\0',_binary '\0',500000,'04관',217,31),(190,_binary '\0',_binary '\0',_binary '\0',_binary '\0',_binary '\0',500000,'05관',80,31),(191,_binary '\0',_binary '\0',_binary '\0',_binary '\0',_binary '\0',500000,'06관',136,31),(192,_binary '',_binary '\0',_binary '\0',_binary '\0',_binary '\0',500000,'4DX관',96,32),(193,_binary '\0',_binary '\0',_binary '\0',_binary '\0',_binary '\0',500000,'02관',123,32),(194,_binary '\0',_binary '\0',_binary '\0',_binary '\0',_binary '\0',500000,'03관',132,32),(195,_binary '\0',_binary '\0',_binary '\0',_binary '\0',_binary '\0',500000,'04관',132,32),(196,_binary '\0',_binary '\0',_binary '\0',_binary '\0',_binary '\0',500000,'05관',132,32),(197,_binary '\0',_binary '\0',_binary '\0',_binary '\0',_binary '\0',500000,'06관',123,32),(198,_binary '\0',_binary '\0',_binary '\0',_binary '\0',_binary '\0',500000,'07관',132,32),(199,_binary '\0',_binary '\0',_binary '\0',_binary '\0',_binary '\0',500000,'01관',136,33),(200,_binary '\0',_binary '\0',_binary '\0',_binary '\0',_binary '\0',500000,'02관',136,33),(201,_binary '\0',_binary '\0',_binary '\0',_binary '\0',_binary '\0',500000,'03관',136,33),(202,_binary '\0',_binary '\0',_binary '\0',_binary '\0',_binary '\0',500000,'04관',136,33),(203,_binary '\0',_binary '\0',_binary '\0',_binary '\0',_binary '\0',500000,'05관',136,33),(204,_binary '\0',_binary '\0',_binary '\0',_binary '\0',_binary '\0',500000,'01관',102,34),(205,_binary '\0',_binary '\0',_binary '\0',_binary '\0',_binary '\0',500000,'04관',188,34),(206,_binary '\0',_binary '\0',_binary '\0',_binary '\0',_binary '\0',500000,'05관',148,34),(207,_binary '\0',_binary '\0',_binary '\0',_binary '',_binary '\0',500000,'06관',131,34),(208,_binary '\0',_binary '\0',_binary '\0',_binary '\0',_binary '\0',500000,'07관',199,34),(209,_binary '\0',_binary '\0',_binary '\0',_binary '\0',_binary '',500000,'02관',214,34),(210,_binary '',_binary '\0',_binary '\0',_binary '\0',_binary '\0',500000,'03관',108,34),(211,_binary '\0',_binary '\0',_binary '\0',_binary '\0',_binary '\0',500000,'03관',285,35),(212,_binary '\0',_binary '\0',_binary '\0',_binary '\0',_binary '\0',500000,'Cine Kids관',73,35),(213,_binary '\0',_binary '\0',_binary '\0',_binary '\0',_binary '\0',500000,'01관',269,35),(214,_binary '\0',_binary '\0',_binary '\0',_binary '\0',_binary '\0',500000,'02관',269,35),(215,_binary '\0',_binary '\0',_binary '\0',_binary '\0',_binary '\0',500000,'01관',42,36),(216,_binary '\0',_binary '\0',_binary '\0',_binary '\0',_binary '\0',500000,'02관',40,36),(217,_binary '\0',_binary '\0',_binary '\0',_binary '\0',_binary '\0',500000,'01관',227,37),(218,_binary '\0',_binary '\0',_binary '\0',_binary '\0',_binary '\0',500000,'02관',227,37),(219,_binary '\0',_binary '\0',_binary '\0',_binary '\0',_binary '\0',500000,'03관',129,37),(220,_binary '\0',_binary '\0',_binary '\0',_binary '\0',_binary '\0',500000,'04관',261,37),(221,_binary '\0',_binary '\0',_binary '\0',_binary '\0',_binary '\0',500000,'05관',256,37),(222,_binary '\0',_binary '\0',_binary '\0',_binary '\0',_binary '\0',500000,'08관',256,37),(223,_binary '\0',_binary '\0',_binary '\0',_binary '\0',_binary '\0',500000,'09관',261,37),(224,_binary '\0',_binary '\0',_binary '\0',_binary '\0',_binary '\0',500000,'10관',102,37),(225,_binary '\0',_binary '\0',_binary '\0',_binary '\0',_binary '\0',500000,'06관',43,37),(226,_binary '',_binary '\0',_binary '\0',_binary '\0',_binary '\0',500000,'07관',93,37),(227,_binary '\0',_binary '\0',_binary '\0',_binary '\0',_binary '\0',500000,'01관',283,38),(228,_binary '\0',_binary '\0',_binary '\0',_binary '\0',_binary '\0',500000,'02관',93,38),(229,_binary '\0',_binary '\0',_binary '\0',_binary '\0',_binary '\0',500000,'03관',172,38),(230,_binary '\0',_binary '\0',_binary '\0',_binary '\0',_binary '\0',500000,'04관',162,38),(231,_binary '\0',_binary '\0',_binary '\0',_binary '\0',_binary '\0',500000,'05관',283,38),(232,_binary '\0',_binary '\0',_binary '\0',_binary '\0',_binary '\0',500000,'06관',93,38),(233,_binary '\0',_binary '\0',_binary '\0',_binary '\0',_binary '\0',500000,'07관',172,38),(234,_binary '\0',_binary '\0',_binary '\0',_binary '\0',_binary '\0',500000,'08관',148,38),(235,_binary '\0',_binary '\0',_binary '\0',_binary '\0',_binary '\0',500000,'09관',214,38),(236,_binary '\0',_binary '\0',_binary '\0',_binary '\0',_binary '\0',500000,'01관',240,39),(237,_binary '\0',_binary '\0',_binary '\0',_binary '\0',_binary '\0',500000,'02관',138,39),(238,_binary '\0',_binary '\0',_binary '\0',_binary '\0',_binary '\0',500000,'03관',116,39),(239,_binary '\0',_binary '\0',_binary '\0',_binary '\0',_binary '\0',500000,'04관',116,39),(240,_binary '\0',_binary '\0',_binary '\0',_binary '\0',_binary '\0',500000,'05관',116,39),(241,_binary '\0',_binary '\0',_binary '\0',_binary '\0',_binary '\0',500000,'06관',116,39),(242,_binary '\0',_binary '\0',_binary '\0',_binary '\0',_binary '\0',500000,'07관',90,39),(243,_binary '\0',_binary '',_binary '\0',_binary '\0',_binary '\0',500000,'08관',404,39),(244,_binary '\0',_binary '\0',_binary '\0',_binary '\0',_binary '\0',500000,'02관',205,40),(245,_binary '\0',_binary '\0',_binary '\0',_binary '\0',_binary '\0',500000,'03관',205,40),(246,_binary '\0',_binary '\0',_binary '\0',_binary '\0',_binary '\0',500000,'05관',127,40),(247,_binary '\0',_binary '\0',_binary '\0',_binary '\0',_binary '\0',500000,'07관',127,40),(248,_binary '\0',_binary '\0',_binary '\0',_binary '\0',_binary '\0',500000,'10관',93,40),(249,_binary '\0',_binary '\0',_binary '\0',_binary '\0',_binary '',500000,'04관',132,40),(250,_binary '',_binary '\0',_binary '\0',_binary '\0',_binary '\0',500000,'4DX관',108,40),(251,_binary '\0',_binary '\0',_binary '\0',_binary '\0',_binary '\0',500000,'S관',40,41),(252,_binary '\0',_binary '\0',_binary '\0',_binary '\0',_binary '\0',500000,'02관',218,42),(253,_binary '\0',_binary '\0',_binary '\0',_binary '\0',_binary '\0',500000,'03관',319,42),(254,_binary '\0',_binary '\0',_binary '\0',_binary '\0',_binary '\0',500000,'05관',190,42),(255,_binary '\0',_binary '\0',_binary '\0',_binary '\0',_binary '\0',500000,'06관',190,42),(256,_binary '\0',_binary '\0',_binary '\0',_binary '\0',_binary '\0',500000,'07관',188,42),(257,_binary '\0',_binary '\0',_binary '\0',_binary '\0',_binary '\0',500000,'08관',87,42),(258,_binary '\0',_binary '\0',_binary '\0',_binary '',_binary '\0',500000,'01관',400,42),(259,_binary '\0',_binary '\0',_binary '\0',_binary '',_binary '\0',500000,'04관',102,42),(260,_binary '\0',_binary '\0',_binary '\0',_binary '\0',_binary '\0',500000,'01관',138,43),(261,_binary '\0',_binary '\0',_binary '\0',_binary '\0',_binary '\0',500000,'02관',138,43),(262,_binary '\0',_binary '\0',_binary '\0',_binary '\0',_binary '\0',500000,'01관',90,44),(263,_binary '\0',_binary '\0',_binary '\0',_binary '\0',_binary '\0',500000,'02관',52,44),(264,_binary '',_binary '\0',_binary '\0',_binary '\0',_binary '\0',500000,'01관(4DX관)',116,45),(265,_binary '\0',_binary '\0',_binary '\0',_binary '',_binary '\0',500000,'02관',114,45),(266,_binary '\0',_binary '\0',_binary '\0',_binary '\0',_binary '\0',500000,'03관(SUITE CINEMA)',20,45),(267,_binary '\0',_binary '\0',_binary '\0',_binary '\0',_binary '\0',500000,'04관',188,45),(268,_binary '\0',_binary '\0',_binary '\0',_binary '\0',_binary '\0',500000,'05관',144,45),(269,_binary '\0',_binary '\0',_binary '\0',_binary '\0',_binary '\0',500000,'06관',188,45),(270,_binary '\0',_binary '\0',_binary '\0',_binary '\0',_binary '\0',500000,'04관',134,46),(271,_binary '\0',_binary '\0',_binary '\0',_binary '\0',_binary '\0',500000,'06관',134,46),(272,_binary '\0',_binary '\0',_binary '\0',_binary '\0',_binary '',500000,'05관',178,46),(273,_binary '\0',_binary '\0',_binary '\0',_binary '\0',_binary '',500000,'03관',178,46),(274,_binary '\0',_binary '\0',_binary '\0',_binary '\0',_binary '\0',500000,'02관',134,46),(275,_binary '\0',_binary '\0',_binary '\0',_binary '\0',_binary '',500000,'01관',178,46),(276,_binary '\0',_binary '\0',_binary '\0',_binary '\0',_binary '\0',500000,'01관',76,47),(277,_binary '\0',_binary '\0',_binary '\0',_binary '\0',_binary '\0',500000,'01관',233,48),(278,_binary '\0',_binary '\0',_binary '\0',_binary '\0',_binary '\0',500000,'02관',229,48),(279,_binary '\0',_binary '\0',_binary '\0',_binary '\0',_binary '\0',500000,'03관',148,48),(280,_binary '\0',_binary '\0',_binary '\0',_binary '\0',_binary '\0',500000,'04관',123,48),(281,_binary '\0',_binary '\0',_binary '\0',_binary '\0',_binary '\0',500000,'03관',178,49),(282,_binary '\0',_binary '\0',_binary '\0',_binary '\0',_binary '\0',500000,'04관',187,49),(283,_binary '\0',_binary '\0',_binary '\0',_binary '\0',_binary '\0',500000,'05관',187,49),(284,_binary '\0',_binary '\0',_binary '\0',_binary '\0',_binary '\0',500000,'06관',178,49),(285,_binary '\0',_binary '\0',_binary '\0',_binary '\0',_binary '\0',500000,'03관',305,50),(286,_binary '\0',_binary '\0',_binary '\0',_binary '\0',_binary '\0',500000,'04관',217,50),(287,_binary '\0',_binary '\0',_binary '\0',_binary '\0',_binary '\0',500000,'05관',86,50),(288,_binary '\0',_binary '\0',_binary '\0',_binary '\0',_binary '\0',500000,'06관',97,50),(289,_binary '\0',_binary '\0',_binary '\0',_binary '\0',_binary '\0',500000,'07관',97,50),(290,_binary '\0',_binary '\0',_binary '\0',_binary '\0',_binary '\0',500000,'08관',97,50),(291,_binary '\0',_binary '\0',_binary '\0',_binary '\0',_binary '\0',500000,'09관',97,50),(292,_binary '\0',_binary '\0',_binary '\0',_binary '',_binary '\0',500000,'Comfort관',202,50),(293,_binary '\0',_binary '',_binary '\0',_binary '\0',_binary '\0',500000,'Dolby Atmos관',342,50),(294,_binary '\0',_binary '\0',_binary '\0',_binary '\0',_binary '\0',500000,'01관',160,51),(295,_binary '\0',_binary '\0',_binary '\0',_binary '\0',_binary '\0',500000,'02관',170,51),(296,_binary '\0',_binary '\0',_binary '\0',_binary '\0',_binary '\0',500000,'03관',113,51),(297,_binary '\0',_binary '\0',_binary '\0',_binary '\0',_binary '\0',500000,'04관',170,51),(298,_binary '\0',_binary '\0',_binary '\0',_binary '\0',_binary '\0',500000,'05관',113,51),(299,_binary '\0',_binary '\0',_binary '\0',_binary '\0',_binary '\0',500000,'01관',30,52),(300,_binary '\0',_binary '\0',_binary '\0',_binary '\0',_binary '\0',500000,'02관',186,53),(301,_binary '\0',_binary '\0',_binary '\0',_binary '',_binary '\0',500000,'Comfort 101호',154,54),(302,_binary '\0',_binary '\0',_binary '\0',_binary '',_binary '\0',500000,'Comfort 102호',135,54),(303,_binary '\0',_binary '\0',_binary '\0',_binary '',_binary '\0',500000,'Comfort 103호',138,54),(304,_binary '\0',_binary '\0',_binary '\0',_binary '',_binary '\0',500000,'Comfort 104호',115,54),(305,_binary '\0',_binary '\0',_binary '\0',_binary '',_binary '\0',500000,'Comfort 105호',96,54),(306,_binary '\0',_binary '\0',_binary '\0',_binary '',_binary '\0',500000,'Comfort 106호',115,54),(307,_binary '\0',_binary '\0',_binary '\0',_binary '\0',_binary '\0',500000,'The Boutique 107호',44,54),(308,_binary '\0',_binary '\0',_binary '\0',_binary '\0',_binary '\0',500000,'The Boutique 108호',86,54),(309,_binary '\0',_binary '\0',_binary '\0',_binary '\0',_binary '\0',500000,'03관',114,55),(310,_binary '\0',_binary '\0',_binary '\0',_binary '\0',_binary '\0',500000,'04관',190,55),(311,_binary '\0',_binary '\0',_binary '\0',_binary '',_binary '\0',500000,'Comfort 06관',210,55),(312,_binary '\0',_binary '\0',_binary '\0',_binary '\0',_binary '\0',500000,'07관',158,55),(313,_binary '\0',_binary '\0',_binary '\0',_binary '\0',_binary '\0',500000,'08관',190,55),(314,_binary '\0',_binary '\0',_binary '\0',_binary '\0',_binary '\0',500000,'09관',114,55),(315,_binary '\0',_binary '\0',_binary '\0',_binary '',_binary '\0',500000,'Comfort 02관',210,55),(316,_binary '\0',_binary '\0',_binary '\0',_binary '',_binary '\0',500000,'Comfort 05관',66,55),(317,_binary '\0',_binary '',_binary '\0',_binary '\0',_binary '\0',500000,'Dolby Atmos관',332,55),(318,_binary '\0',_binary '\0',_binary '\0',_binary '\0',_binary '\0',500000,'01관',170,56),(319,_binary '\0',_binary '\0',_binary '\0',_binary '\0',_binary '\0',500000,'02관',139,56),(320,_binary '\0',_binary '\0',_binary '\0',_binary '\0',_binary '\0',500000,'03관',156,56),(321,_binary '\0',_binary '\0',_binary '\0',_binary '\0',_binary '\0',500000,'04관',170,56),(322,_binary '\0',_binary '\0',_binary '\0',_binary '\0',_binary '\0',500000,'05관',143,56),(323,_binary '\0',_binary '\0',_binary '\0',_binary '\0',_binary '',500000,'06관(SCREENX)',156,56),(324,_binary '\0',_binary '\0',_binary '\0',_binary '',_binary '\0',500000,'01관',43,57),(325,_binary '\0',_binary '\0',_binary '\0',_binary '',_binary '\0',500000,'02관',90,57),(326,_binary '\0',_binary '\0',_binary '\0',_binary '',_binary '\0',500000,'03관',77,57),(327,_binary '\0',_binary '\0',_binary '\0',_binary '',_binary '\0',500000,'04관',73,57),(328,_binary '\0',_binary '\0',_binary '\0',_binary '',_binary '\0',500000,'05관',54,57),(329,_binary '\0',_binary '\0',_binary '\0',_binary '',_binary '\0',500000,'06관',107,57),(330,_binary '\0',_binary '\0',_binary '\0',_binary '\0',_binary '\0',500000,'03관',288,58),(331,_binary '\0',_binary '\0',_binary '\0',_binary '\0',_binary '\0',500000,'04관',192,58),(332,_binary '\0',_binary '\0',_binary '\0',_binary '\0',_binary '\0',500000,'05관',192,58),(333,_binary '\0',_binary '\0',_binary '\0',_binary '\0',_binary '\0',500000,'06관',318,58),(334,_binary '\0',_binary '\0',_binary '\0',_binary '\0',_binary '\0',500000,'07관',288,58),(335,_binary '\0',_binary '\0',_binary '\0',_binary '\0',_binary '\0',500000,'08관',187,58),(336,_binary '\0',_binary '\0',_binary '\0',_binary '\0',_binary '\0',500000,'09관',192,58),(337,_binary '\0',_binary '\0',_binary '\0',_binary '\0',_binary '\0',500000,'10관',322,58),(338,_binary '',_binary '\0',_binary '\0',_binary '\0',_binary '\0',500000,'02관',116,58),(339,_binary '\0',_binary '\0',_binary '\0',_binary '',_binary '\0',500000,'Charlotte관',32,58),(340,_binary '\0',_binary '\0',_binary '\0',_binary '\0',_binary '\0',500000,'01관',123,59),(341,_binary '\0',_binary '\0',_binary '\0',_binary '\0',_binary '\0',500000,'02관',153,59),(342,_binary '\0',_binary '\0',_binary '\0',_binary '\0',_binary '\0',500000,'03관',132,59),(343,_binary '\0',_binary '\0',_binary '\0',_binary '\0',_binary '\0',500000,'04관',122,59),(344,_binary '\0',_binary '\0',_binary '\0',_binary '\0',_binary '\0',500000,'05관',153,59),(345,_binary '\0',_binary '\0',_binary '\0',_binary '\0',_binary '\0',500000,'06관',132,59),(346,_binary '\0',_binary '\0',_binary '\0',_binary '\0',_binary '\0',500000,'01관',198,60),(347,_binary '\0',_binary '\0',_binary '\0',_binary '\0',_binary '\0',500000,'02관',174,60),(348,_binary '\0',_binary '\0',_binary '\0',_binary '\0',_binary '\0',500000,'03관',210,60),(349,_binary '\0',_binary '\0',_binary '\0',_binary '\0',_binary '\0',500000,'04관',95,60),(350,_binary '\0',_binary '\0',_binary '\0',_binary '\0',_binary '\0',500000,'05관',174,60),(351,_binary '\0',_binary '\0',_binary '\0',_binary '\0',_binary '\0',500000,'02관',171,61),(352,_binary '\0',_binary '\0',_binary '\0',_binary '\0',_binary '\0',500000,'05관',171,61),(353,_binary '\0',_binary '\0',_binary '\0',_binary '\0',_binary '\0',500000,'06관',183,61),(354,_binary '\0',_binary '\0',_binary '\0',_binary '',_binary '\0',500000,'07관',132,61),(355,_binary '\0',_binary '\0',_binary '\0',_binary '',_binary '\0',500000,'08관',132,61),(356,_binary '\0',_binary '\0',_binary '\0',_binary '\0',_binary '\0',500000,'09관',141,61),(357,_binary '\0',_binary '\0',_binary '\0',_binary '\0',_binary '\0',500000,'10관',131,61),(358,_binary '\0',_binary '\0',_binary '\0',_binary '\0',_binary '',500000,'01관',171,61),(359,_binary '\0',_binary '\0',_binary '\0',_binary '\0',_binary '\0',500000,'01관',124,62),(360,_binary '\0',_binary '\0',_binary '\0',_binary '\0',_binary '\0',500000,'02관',116,62),(361,_binary '\0',_binary '\0',_binary '\0',_binary '\0',_binary '\0',500000,'03관',261,62),(362,_binary '\0',_binary '\0',_binary '\0',_binary '\0',_binary '\0',500000,'04관',32,62),(363,_binary '\0',_binary '\0',_binary '\0',_binary '\0',_binary '\0',500000,'05관',27,62),(364,_binary '\0',_binary '\0',_binary '\0',_binary '\0',_binary '\0',500000,'01관',214,63),(365,_binary '\0',_binary '\0',_binary '\0',_binary '\0',_binary '\0',500000,'02관',174,63),(366,_binary '\0',_binary '\0',_binary '\0',_binary '',_binary '\0',500000,'03관(Reserve)',69,63),(367,_binary '\0',_binary '\0',_binary '\0',_binary '\0',_binary '\0',500000,'04관',140,63),(368,_binary '\0',_binary '\0',_binary '\0',_binary '',_binary '\0',500000,'05관(Reserve)',69,63),(369,_binary '\0',_binary '\0',_binary '\0',_binary '\0',_binary '\0',500000,'06관',146,63),(370,_binary '\0',_binary '\0',_binary '\0',_binary '',_binary '\0',500000,'07관(Suite)',30,63),(371,_binary '\0',_binary '\0',_binary '\0',_binary '\0',_binary '\0',500000,'08관',91,63),(372,_binary '\0',_binary '\0',_binary '\0',_binary '\0',_binary '\0',500000,'09관',91,63),(373,_binary '\0',_binary '\0',_binary '\0',_binary '\0',_binary '\0',500000,'10관',91,63),(374,_binary '\0',_binary '\0',_binary '\0',_binary '\0',_binary '\0',500000,'01관',164,64),(375,_binary '\0',_binary '\0',_binary '\0',_binary '\0',_binary '\0',500000,'02관',142,64),(376,_binary '\0',_binary '\0',_binary '\0',_binary '\0',_binary '\0',500000,'04관',132,64),(377,_binary '\0',_binary '\0',_binary '\0',_binary '\0',_binary '\0',500000,'05관',332,64),(378,_binary '\0',_binary '\0',_binary '\0',_binary '\0',_binary '\0',500000,'06관',184,64),(379,_binary '',_binary '\0',_binary '\0',_binary '\0',_binary '\0',500000,'03관',100,64),(380,_binary '\0',_binary '\0',_binary '\0',_binary '\0',_binary '\0',500000,'03관',161,65),(381,_binary '\0',_binary '\0',_binary '\0',_binary '\0',_binary '\0',500000,'04관',176,65),(382,_binary '\0',_binary '\0',_binary '\0',_binary '\0',_binary '\0',500000,'05관',306,65),(383,_binary '\0',_binary '\0',_binary '\0',_binary '\0',_binary '\0',500000,'06관',161,65),(384,_binary '\0',_binary '\0',_binary '\0',_binary '\0',_binary '\0',500000,'07관',161,65),(385,_binary '\0',_binary '\0',_binary '\0',_binary '\0',_binary '\0',500000,'08관',176,65),(386,_binary '\0',_binary '\0',_binary '\0',_binary '\0',_binary '\0',500000,'01관',304,65),(387,_binary '\0',_binary '\0',_binary '\0',_binary '\0',_binary '\0',500000,'02관',161,65),(388,_binary '\0',_binary '\0',_binary '\0',_binary '\0',_binary '\0',500000,'01관',89,66),(389,_binary '\0',_binary '\0',_binary '\0',_binary '\0',_binary '\0',500000,'02관',72,66),(390,_binary '\0',_binary '\0',_binary '\0',_binary '\0',_binary '\0',500000,'03관',229,66),(391,_binary '\0',_binary '\0',_binary '\0',_binary '',_binary '\0',500000,'04관',164,66),(392,_binary '\0',_binary '\0',_binary '\0',_binary '\0',_binary '\0',500000,'05관',58,66),(393,_binary '',_binary '\0',_binary '\0',_binary '\0',_binary '\0',500000,'06관',120,66),(394,_binary '\0',_binary '\0',_binary '\0',_binary '',_binary '\0',500000,'TEMPUR CINEMA',48,66),(395,_binary '\0',_binary '\0',_binary '\0',_binary '',_binary '\0',500000,'08관',159,66),(396,_binary '\0',_binary '\0',_binary '\0',_binary '\0',_binary '',500000,'09관',194,66),(397,_binary '\0',_binary '\0',_binary '\0',_binary '\0',_binary '\0',500000,'03관',177,67),(398,_binary '\0',_binary '\0',_binary '\0',_binary '\0',_binary '\0',500000,'04관',195,67),(399,_binary '\0',_binary '\0',_binary '\0',_binary '\0',_binary '\0',500000,'05관',320,67),(400,_binary '\0',_binary '\0',_binary '\0',_binary '\0',_binary '\0',500000,'07관',124,67),(401,_binary '\0',_binary '\0',_binary '\0',_binary '\0',_binary '\0',500000,'08관',167,67),(402,_binary '\0',_binary '\0',_binary '\0',_binary '\0',_binary '\0',500000,'09관',130,67),(403,_binary '\0',_binary '\0',_binary '\0',_binary '\0',_binary '\0',500000,'01관',358,67),(404,_binary '',_binary '\0',_binary '\0',_binary '\0',_binary '\0',500000,'02관',144,67),(405,_binary '\0',_binary '\0',_binary '\0',_binary '\0',_binary '',500000,'06관',200,67),(406,_binary '\0',_binary '\0',_binary '\0',_binary '',_binary '\0',500000,'Gold Class관',48,67),(407,_binary '\0',_binary '\0',_binary '',_binary '\0',_binary '\0',500000,'IMAX관',387,67),(408,_binary '\0',_binary '\0',_binary '\0',_binary '\0',_binary '',500000,'ScreenX관',462,67),(409,_binary '\0',_binary '\0',_binary '\0',_binary '\0',_binary '\0',500000,'01관',227,68),(410,_binary '\0',_binary '\0',_binary '\0',_binary '\0',_binary '\0',500000,'02관',206,68),(411,_binary '\0',_binary '\0',_binary '\0',_binary '\0',_binary '\0',500000,'03관',215,68),(412,_binary '\0',_binary '\0',_binary '\0',_binary '\0',_binary '\0',500000,'04관',131,68),(413,_binary '\0',_binary '\0',_binary '\0',_binary '\0',_binary '\0',500000,'05관',117,68),(414,_binary '\0',_binary '\0',_binary '\0',_binary '\0',_binary '\0',500000,'06관',226,68),(415,_binary '\0',_binary '\0',_binary '\0',_binary '\0',_binary '\0',500000,'07관',206,68),(416,_binary '\0',_binary '\0',_binary '\0',_binary '\0',_binary '\0',500000,'01관',118,69),(417,_binary '\0',_binary '\0',_binary '\0',_binary '\0',_binary '\0',500000,'02관',97,69),(418,_binary '\0',_binary '\0',_binary '\0',_binary '',_binary '\0',500000,'03관',44,69),(419,_binary '\0',_binary '\0',_binary '\0',_binary '',_binary '\0',500000,'04관',44,69),(420,_binary '\0',_binary '\0',_binary '\0',_binary '\0',_binary '\0',500000,'05관',132,69),(421,_binary '\0',_binary '\0',_binary '\0',_binary '\0',_binary '\0',500000,'06관',98,69),(422,_binary '\0',_binary '\0',_binary '\0',_binary '\0',_binary '\0',500000,'01관',123,70),(423,_binary '\0',_binary '\0',_binary '\0',_binary '\0',_binary '\0',500000,'02관',198,70),(424,_binary '\0',_binary '\0',_binary '\0',_binary '\0',_binary '\0',500000,'03관',123,70),(425,_binary '\0',_binary '\0',_binary '\0',_binary '\0',_binary '\0',500000,'04관',123,70),(426,_binary '\0',_binary '\0',_binary '\0',_binary '\0',_binary '\0',500000,'05관',198,70),(427,_binary '\0',_binary '\0',_binary '\0',_binary '\0',_binary '\0',500000,'06관',123,70),(428,_binary '\0',_binary '\0',_binary '\0',_binary '\0',_binary '\0',500000,'0관',92,71),(429,_binary '\0',_binary '\0',_binary '\0',_binary '\0',_binary '\0',500000,'9관',58,71),(430,_binary '\0',_binary '\0',_binary '\0',_binary '\0',_binary '\0',500000,'01관',131,72),(431,_binary '\0',_binary '\0',_binary '\0',_binary '\0',_binary '\0',500000,'02관',185,72),(432,_binary '\0',_binary '\0',_binary '\0',_binary '\0',_binary '\0',500000,'03관',78,72),(433,_binary '\0',_binary '\0',_binary '\0',_binary '\0',_binary '\0',500000,'04관',107,72),(434,_binary '\0',_binary '\0',_binary '\0',_binary '\0',_binary '\0',500000,'05관',186,72),(435,_binary '\0',_binary '\0',_binary '\0',_binary '\0',_binary '\0',500000,'01관',240,73),(436,_binary '\0',_binary '\0',_binary '\0',_binary '\0',_binary '\0',500000,'02관',165,73),(437,_binary '\0',_binary '\0',_binary '\0',_binary '\0',_binary '\0',500000,'03관',242,73),(438,_binary '\0',_binary '\0',_binary '\0',_binary '\0',_binary '\0',500000,'04관',160,73),(439,_binary '\0',_binary '\0',_binary '\0',_binary '\0',_binary '\0',500000,'05관',142,73),(440,_binary '\0',_binary '\0',_binary '\0',_binary '\0',_binary '\0',500000,'06관',242,73),(441,_binary '\0',_binary '\0',_binary '\0',_binary '\0',_binary '\0',500000,'07관',160,73),(442,_binary '\0',_binary '\0',_binary '\0',_binary '\0',_binary '\0',500000,'08관',143,73),(443,_binary '\0',_binary '\0',_binary '\0',_binary '',_binary '\0',500000,'01관',26,74),(444,_binary '\0',_binary '\0',_binary '\0',_binary '\0',_binary '\0',500000,'01관',115,75),(445,_binary '\0',_binary '\0',_binary '\0',_binary '\0',_binary '\0',500000,'02관',53,75),(446,_binary '\0',_binary '\0',_binary '\0',_binary '',_binary '\0',500000,'03관',115,75),(447,_binary '\0',_binary '\0',_binary '\0',_binary '',_binary '\0',500000,'04관',53,75),(448,_binary '\0',_binary '\0',_binary '\0',_binary '',_binary '\0',500000,'05관',54,75),(449,_binary '\0',_binary '\0',_binary '\0',_binary '',_binary '\0',500000,'06관',56,75),(450,_binary '\0',_binary '\0',_binary '\0',_binary '',_binary '\0',500000,'07관',46,75),(451,_binary '\0',_binary '\0',_binary '\0',_binary '\0',_binary '\0',500000,'101호',92,76),(452,_binary '\0',_binary '\0',_binary '\0',_binary '\0',_binary '\0',500000,'102호',159,76),(453,_binary '\0',_binary '\0',_binary '\0',_binary '\0',_binary '\0',500000,'103호',175,76),(454,_binary '\0',_binary '\0',_binary '\0',_binary '\0',_binary '\0',500000,'104호',136,76),(455,_binary '\0',_binary '\0',_binary '\0',_binary '\0',_binary '\0',500000,'105호',118,76),(456,_binary '\0',_binary '\0',_binary '\0',_binary '\0',_binary '\0',500000,'03관',172,77),(457,_binary '\0',_binary '\0',_binary '\0',_binary '\0',_binary '\0',500000,'05관',172,77),(458,_binary '\0',_binary '\0',_binary '\0',_binary '\0',_binary '\0',500000,'06관',123,77),(459,_binary '\0',_binary '\0',_binary '\0',_binary '\0',_binary '',500000,'04관',123,77),(460,_binary '\0',_binary '\0',_binary '\0',_binary '\0',_binary '\0',500000,'01관',144,77),(461,_binary '\0',_binary '\0',_binary '\0',_binary '\0',_binary '\0',500000,'02관',123,77),(462,_binary '\0',_binary '\0',_binary '',_binary '\0',_binary '\0',500000,'IMAX관',180,78),(463,_binary '\0',_binary '\0',_binary '\0',_binary '\0',_binary '\0',500000,'02관',174,78),(464,_binary '\0',_binary '\0',_binary '\0',_binary '\0',_binary '\0',500000,'03관',182,78),(465,_binary '\0',_binary '\0',_binary '\0',_binary '\0',_binary '\0',500000,'아트하우스 ART1관',94,78),(466,_binary '\0',_binary '\0',_binary '\0',_binary '\0',_binary '\0',500000,'아트하우스 ART2관',108,78),(467,_binary '\0',_binary '\0',_binary '\0',_binary '\0',_binary '\0',500000,'04관',160,78),(468,_binary '\0',_binary '\0',_binary '\0',_binary '\0',_binary '\0',500000,'Cine de Chef (TEMPUR Cinema)',30,78),(469,_binary '\0',_binary '\0',_binary '\0',_binary '\0',_binary '\0',500000,'Cine de Chef',46,78),(470,_binary '\0',_binary '\0',_binary '\0',_binary '\0',_binary '\0',500000,'01관(HEADPHONE)',76,79),(471,_binary '\0',_binary '\0',_binary '\0',_binary '\0',_binary '\0',500000,'02관(HEADPHONE)',76,79),(472,_binary '\0',_binary '\0',_binary '\0',_binary '',_binary '\0',500000,'03관',206,79),(473,_binary '',_binary '\0',_binary '\0',_binary '\0',_binary '\0',500000,'4DX관',144,79),(474,_binary '\0',_binary '\0',_binary '\0',_binary '\0',_binary '\0',500000,'CINEMA PREMIUM관',132,79),(475,_binary '\0',_binary '\0',_binary '\0',_binary '\0',_binary '\0',500000,'01관',156,80),(476,_binary '\0',_binary '\0',_binary '\0',_binary '\0',_binary '\0',500000,'02관',114,80),(477,_binary '\0',_binary '\0',_binary '\0',_binary '',_binary '\0',500000,'03관',28,80),(478,_binary '\0',_binary '\0',_binary '\0',_binary '\0',_binary '\0',500000,'04관',76,80),(479,_binary '\0',_binary '\0',_binary '\0',_binary '\0',_binary '\0',500000,'05관',106,80),(480,_binary '\0',_binary '\0',_binary '\0',_binary '',_binary '\0',500000,'06관',65,80),(481,_binary '\0',_binary '\0',_binary '\0',_binary '\0',_binary '\0',500000,'07관',302,80),(482,_binary '\0',_binary '\0',_binary '\0',_binary '\0',_binary '\0',500000,'03관',70,81),(483,_binary '\0',_binary '\0',_binary '\0',_binary '\0',_binary '\0',500000,'04관',42,81),(484,_binary '\0',_binary '\0',_binary '\0',_binary '\0',_binary '\0',500000,'05관',35,81),(485,_binary '\0',_binary '\0',_binary '\0',_binary '\0',_binary '\0',500000,'06관',80,81),(486,_binary '\0',_binary '\0',_binary '\0',_binary '\0',_binary '\0',500000,'01관',200,81),(487,_binary '\0',_binary '\0',_binary '\0',_binary '\0',_binary '\0',500000,'02관',143,81),(488,_binary '\0',_binary '\0',_binary '\0',_binary '\0',_binary '\0',500000,'02관',432,82),(489,_binary '\0',_binary '\0',_binary '\0',_binary '\0',_binary '\0',500000,'04관',332,82),(490,_binary '\0',_binary '\0',_binary '\0',_binary '\0',_binary '\0',500000,'소상영관 A',36,82),(491,_binary '\0',_binary '\0',_binary '\0',_binary '\0',_binary '\0',500000,'소상영관 B',30,82),(492,_binary '\0',_binary '\0',_binary '\0',_binary '',_binary '\0',500000,'101호(The Boutique Suite)',36,82),(493,_binary '\0',_binary '\0',_binary '\0',_binary '',_binary '\0',500000,'102호(The Boutique Suite)',36,82),(494,_binary '\0',_binary '\0',_binary '\0',_binary '',_binary '\0',500000,'103호(The Boutique Suite)',36,82),(495,_binary '\0',_binary '\0',_binary '\0',_binary '\0',_binary '\0',500000,'104호(The Boutique)',36,82),(496,_binary '\0',_binary '\0',_binary '\0',_binary '\0',_binary '\0',500000,'105호(The Boutique)',36,82),(497,_binary '\0',_binary '\0',_binary '\0',_binary '',_binary '\0',500000,'Comfort 10관',166,82),(498,_binary '\0',_binary '\0',_binary '\0',_binary '',_binary '\0',500000,'Comfort 11관',166,82),(499,_binary '\0',_binary '\0',_binary '\0',_binary '',_binary '\0',500000,'Comfort 03관',348,82),(500,_binary '\0',_binary '\0',_binary '\0',_binary '',_binary '\0',500000,'Comfort 05관',281,82),(501,_binary '\0',_binary '\0',_binary '\0',_binary '',_binary '\0',500000,'Comfort 06관',285,82),(502,_binary '\0',_binary '\0',_binary '\0',_binary '',_binary '\0',500000,'Comfort 07관',285,82),(503,_binary '\0',_binary '\0',_binary '\0',_binary '',_binary '\0',500000,'Comfort 08관',255,82),(504,_binary '',_binary '\0',_binary '\0',_binary '\0',_binary '\0',500000,'MX4D관',192,82),(505,_binary '\0',_binary '',_binary '\0',_binary '\0',_binary '\0',500000,'Dolby Cinema',378,82),(506,_binary '\0',_binary '\0',_binary '\0',_binary '',_binary '\0',500000,'The Boutique Private1',8,82),(507,_binary '\0',_binary '\0',_binary '\0',_binary '',_binary '\0',500000,'The Boutique Private2',10,82),(508,_binary '\0',_binary '\0',_binary '\0',_binary '\0',_binary '\0',500000,'01관',126,83),(509,_binary '\0',_binary '\0',_binary '\0',_binary '\0',_binary '\0',500000,'02관',123,83),(510,_binary '\0',_binary '\0',_binary '\0',_binary '\0',_binary '\0',500000,'01관',59,84),(511,_binary '\0',_binary '\0',_binary '\0',_binary '\0',_binary '\0',500000,'02관',183,85),(512,_binary '\0',_binary '\0',_binary '\0',_binary '\0',_binary '\0',500000,'03관',310,85),(513,_binary '\0',_binary '\0',_binary '\0',_binary '\0',_binary '\0',500000,'04관',235,85),(514,_binary '\0',_binary '\0',_binary '\0',_binary '\0',_binary '\0',500000,'06관',78,85),(515,_binary '\0',_binary '\0',_binary '\0',_binary '\0',_binary '',500000,'01관',187,85),(516,_binary '',_binary '\0',_binary '\0',_binary '\0',_binary '\0',500000,'4DX관',72,85),(517,_binary '\0',_binary '\0',_binary '\0',_binary '\0',_binary '\0',500000,'SphereX관',73,85),(518,_binary '\0',_binary '\0',_binary '\0',_binary '\0',_binary '\0',500000,'03관',158,86),(519,_binary '\0',_binary '\0',_binary '\0',_binary '\0',_binary '\0',500000,'04관',268,86),(520,_binary '\0',_binary '\0',_binary '\0',_binary '\0',_binary '\0',500000,'05관',389,86),(521,_binary '\0',_binary '\0',_binary '\0',_binary '\0',_binary '\0',500000,'06관',124,86),(522,_binary '\0',_binary '\0',_binary '\0',_binary '\0',_binary '\0',500000,'07관',124,86),(523,_binary '\0',_binary '\0',_binary '\0',_binary '\0',_binary '\0',500000,'08관',306,86),(524,_binary '\0',_binary '\0',_binary '\0',_binary '\0',_binary '\0',500000,'09관',360,86),(525,_binary '\0',_binary '\0',_binary '\0',_binary '\0',_binary '\0',500000,'10관',218,86),(526,_binary '\0',_binary '\0',_binary '\0',_binary '',_binary '\0',500000,'13관',192,86),(527,_binary '\0',_binary '\0',_binary '\0',_binary '\0',_binary '\0',500000,'14관',231,86),(528,_binary '\0',_binary '\0',_binary '\0',_binary '\0',_binary '\0',500000,'15관',416,86),(529,_binary '\0',_binary '\0',_binary '\0',_binary '\0',_binary '\0',500000,'16관',132,86),(530,_binary '\0',_binary '\0',_binary '\0',_binary '\0',_binary '\0',500000,'17관',132,86),(531,_binary '\0',_binary '\0',_binary '\0',_binary '\0',_binary '\0',500000,'18관',160,86),(532,_binary '',_binary '\0',_binary '\0',_binary '\0',_binary '\0',500000,'19관',220,86),(533,_binary '\0',_binary '\0',_binary '\0',_binary '\0',_binary '\0',500000,'20관',383,86),(534,_binary '\0',_binary '',_binary '\0',_binary '\0',_binary '\0',500000,'21관',295,86),(535,_binary '\0',_binary '\0',_binary '\0',_binary '',_binary '\0',500000,'01관',32,86),(536,_binary '\0',_binary '\0',_binary '\0',_binary '',_binary '\0',500000,'02관',32,86),(537,_binary '\0',_binary '\0',_binary '\0',_binary '',_binary '\0',500000,'11관',8,86),(538,_binary '\0',_binary '\0',_binary '\0',_binary '\0',_binary '\0',500000,'01관',246,87),(539,_binary '\0',_binary '\0',_binary '\0',_binary '\0',_binary '\0',500000,'02관',67,87),(540,_binary '\0',_binary '\0',_binary '\0',_binary '\0',_binary '\0',500000,'03관',67,87),(541,_binary '\0',_binary '\0',_binary '\0',_binary '\0',_binary '\0',500000,'04관',110,87),(542,_binary '\0',_binary '\0',_binary '\0',_binary '\0',_binary '\0',500000,'05관',105,87),(543,_binary '\0',_binary '\0',_binary '\0',_binary '\0',_binary '\0',500000,'06관',116,87),(544,_binary '\0',_binary '\0',_binary '\0',_binary '\0',_binary '\0',500000,'07관',46,87),(545,_binary '\0',_binary '\0',_binary '\0',_binary '\0',_binary '\0',500000,'08관',126,87),(546,_binary '\0',_binary '\0',_binary '\0',_binary '\0',_binary '\0',500000,'09관',124,87),(547,_binary '\0',_binary '\0',_binary '\0',_binary '\0',_binary '\0',500000,'03관',174,88),(548,_binary '\0',_binary '\0',_binary '\0',_binary '\0',_binary '\0',500000,'04관',174,88),(549,_binary '\0',_binary '\0',_binary '',_binary '\0',_binary '\0',500000,'IMAX관',347,88),(550,_binary '\0',_binary '\0',_binary '\0',_binary '\0',_binary '\0',500000,'05관',213,88),(551,_binary '\0',_binary '\0',_binary '\0',_binary '\0',_binary '\0',500000,'01관',170,88),(552,_binary '\0',_binary '\0',_binary '\0',_binary '\0',_binary '',500000,'02관',162,88),(553,_binary '\0',_binary '\0',_binary '\0',_binary '\0',_binary '\0',500000,'01관',164,89),(554,_binary '\0',_binary '\0',_binary '\0',_binary '\0',_binary '\0',500000,'02관',108,89),(555,_binary '\0',_binary '\0',_binary '\0',_binary '\0',_binary '\0',500000,'03관',180,89),(556,_binary '\0',_binary '\0',_binary '\0',_binary '\0',_binary '\0',500000,'04관',164,89),(557,_binary '\0',_binary '\0',_binary '\0',_binary '\0',_binary '\0',500000,'05관',108,89),(558,_binary '\0',_binary '\0',_binary '\0',_binary '\0',_binary '\0',500000,'06관',180,89),(559,_binary '\0',_binary '\0',_binary '\0',_binary '\0',_binary '\0',500000,'07관',212,89),(560,_binary '\0',_binary '\0',_binary '\0',_binary '\0',_binary '\0',500000,'08관',120,89),(561,_binary '\0',_binary '\0',_binary '\0',_binary '\0',_binary '\0',500000,'09관',224,89),(562,_binary '\0',_binary '\0',_binary '\0',_binary '\0',_binary '\0',500000,'10관',282,89),(563,_binary '\0',_binary '\0',_binary '\0',_binary '\0',_binary '\0',500000,'01관',249,90),(564,_binary '\0',_binary '\0',_binary '\0',_binary '\0',_binary '\0',500000,'02관',249,90),(565,_binary '\0',_binary '\0',_binary '\0',_binary '\0',_binary '\0',500000,'03관',249,90),(566,_binary '\0',_binary '\0',_binary '\0',_binary '\0',_binary '\0',500000,'04관',249,90),(567,_binary '\0',_binary '\0',_binary '\0',_binary '\0',_binary '\0',500000,'05관',74,90),(568,_binary '\0',_binary '\0',_binary '\0',_binary '\0',_binary '\0',500000,'06관',54,90),(569,_binary '\0',_binary '\0',_binary '\0',_binary '\0',_binary '\0',500000,'07관',74,90),(570,_binary '\0',_binary '\0',_binary '\0',_binary '\0',_binary '\0',500000,'08관',55,90),(571,_binary '\0',_binary '\0',_binary '\0',_binary '\0',_binary '\0',500000,'09관',64,90),(572,_binary '\0',_binary '\0',_binary '\0',_binary '\0',_binary '\0',500000,'10관',35,90);
/*!40000 ALTER TABLE `screens` ENABLE KEYS */;
UNLOCK TABLES;

--
-- Table structure for table `transactions`
--

DROP TABLE IF EXISTS `transactions`;
/*!40101 SET @saved_cs_client     = @@character_set_client */;
/*!50503 SET character_set_client = utf8mb4 */;
CREATE TABLE `transactions` (
  `transaction_id` bigint NOT NULL AUTO_INCREMENT,
  `created_at` datetime(6) DEFAULT NULL,
  `balance` int DEFAULT NULL,
  `state` enum('ERROR','REFUNDED','SUCCESS') DEFAULT NULL,
  `transaction_unique_no` varchar(255) NOT NULL,
  `funding_id` bigint NOT NULL,
  `user_id` bigint NOT NULL,
  PRIMARY KEY (`transaction_id`),
  KEY `FKm01s94cxryjn15xisivh57ur1` (`funding_id`),
  KEY `FKqwv7rmvc8va8rep7piikrojds` (`user_id`),
  CONSTRAINT `FKm01s94cxryjn15xisivh57ur1` FOREIGN KEY (`funding_id`) REFERENCES `fundings` (`funding_id`),
  CONSTRAINT `FKqwv7rmvc8va8rep7piikrojds` FOREIGN KEY (`user_id`) REFERENCES `users` (`user_id`)
) ENGINE=InnoDB DEFAULT CHARSET=utf8mb4 COLLATE=utf8mb4_0900_ai_ci;
/*!40101 SET character_set_client = @saved_cs_client */;

--
-- Dumping data for table `transactions`
--

LOCK TABLES `transactions` WRITE;
/*!40000 ALTER TABLE `transactions` DISABLE KEYS */;
/*!40000 ALTER TABLE `transactions` ENABLE KEYS */;
UNLOCK TABLES;

--
-- Table structure for table `user_cards`
--

DROP TABLE IF EXISTS `user_cards`;
/*!40101 SET @saved_cs_client     = @@character_set_client */;
/*!50503 SET character_set_client = utf8mb4 */;
CREATE TABLE `user_cards` (
  `card_id` bigint NOT NULL AUTO_INCREMENT,
  `card_number` varchar(20) NOT NULL,
  `user_id` bigint NOT NULL,
  PRIMARY KEY (`card_id`),
  KEY `FK55ime3genywh3rg5yu62hmfvy` (`user_id`),
  CONSTRAINT `FK55ime3genywh3rg5yu62hmfvy` FOREIGN KEY (`user_id`) REFERENCES `users` (`user_id`)
) ENGINE=InnoDB DEFAULT CHARSET=utf8mb4 COLLATE=utf8mb4_0900_ai_ci;
/*!40101 SET character_set_client = @saved_cs_client */;

--
-- Dumping data for table `user_cards`
--

LOCK TABLES `user_cards` WRITE;
/*!40000 ALTER TABLE `user_cards` DISABLE KEYS */;
/*!40000 ALTER TABLE `user_cards` ENABLE KEYS */;
UNLOCK TABLES;

--
-- Table structure for table `user_categories`
--

DROP TABLE IF EXISTS `user_categories`;
/*!40101 SET @saved_cs_client     = @@character_set_client */;
/*!50503 SET character_set_client = utf8mb4 */;
CREATE TABLE `user_categories` (
  `category_id` bigint NOT NULL,
  `user_id` bigint NOT NULL,
  PRIMARY KEY (`category_id`,`user_id`),
  KEY `FKdqpxght56isds8smi1frxg0xo` (`user_id`),
  CONSTRAINT `FK6r91537otve5embvcuv40is3j` FOREIGN KEY (`category_id`) REFERENCES `categories` (`category_id`),
  CONSTRAINT `FKdqpxght56isds8smi1frxg0xo` FOREIGN KEY (`user_id`) REFERENCES `users` (`user_id`)
) ENGINE=InnoDB DEFAULT CHARSET=utf8mb4 COLLATE=utf8mb4_0900_ai_ci;
/*!40101 SET character_set_client = @saved_cs_client */;

--
-- Dumping data for table `user_categories`
--

LOCK TABLES `user_categories` WRITE;
/*!40000 ALTER TABLE `user_categories` DISABLE KEYS */;
INSERT INTO `user_categories` VALUES (5,11),(6,11),(8,11),(11,11),(13,11),(15,11),(17,11),(18,11),(22,11),(23,11),(5,14),(7,14),(14,14),(17,14),(24,14),(5,19),(12,19),(19,19),(25,19),(5,20),(11,20),(17,20),(25,20),(5,21),(6,21),(7,21),(12,21),(13,21),(18,21),(23,21),(6,23),(8,23),(9,23),(12,23),(13,23),(14,23),(18,23),(20,23),(21,23),(23,23),(24,23),(25,23),(8,24),(9,24),(11,24),(16,24),(19,24),(20,24),(26,24),(8,25),(13,25),(14,25),(17,25),(25,25),(5,26),(6,26),(8,26),(11,26),(12,26),(14,26),(18,26),(23,26),(8,30),(9,30),(10,30),(14,30),(15,30),(16,30),(17,30),(23,30),(25,30),(7,35),(8,35),(12,35),(13,35),(14,35),(17,35),(19,35),(20,35),(25,35),(9,36),(15,36),(17,36),(18,36),(26,36),(6,37),(8,37),(12,37),(14,37),(21,37),(26,37),(6,41),(12,41),(19,41),(24,41),(5,42),(6,42),(7,42),(11,42),(12,42),(13,42),(17,42),(18,42),(19,42),(22,42),(23,42),(24,42),(8,47),(13,47),(18,47),(22,47),(8,48),(14,48),(19,48),(24,48);
/*!40000 ALTER TABLE `user_categories` ENABLE KEYS */;
UNLOCK TABLES;

--
-- Table structure for table `user_favorites`
--

DROP TABLE IF EXISTS `user_favorites`;
/*!40101 SET @saved_cs_client     = @@character_set_client */;
/*!50503 SET character_set_client = utf8mb4 */;
CREATE TABLE `user_favorites` (
  `funding_id` bigint NOT NULL,
  `user_id` bigint NOT NULL,
  `created_at` datetime(6) DEFAULT NULL,
  PRIMARY KEY (`funding_id`,`user_id`),
  KEY `FK4sv7b9w9adr0fjnc4u10exlwm` (`user_id`),
  CONSTRAINT `FK2vy2sme00rp65ng72lg7h36iq` FOREIGN KEY (`funding_id`) REFERENCES `fundings` (`funding_id`),
  CONSTRAINT `FK4sv7b9w9adr0fjnc4u10exlwm` FOREIGN KEY (`user_id`) REFERENCES `users` (`user_id`)
) ENGINE=InnoDB DEFAULT CHARSET=utf8mb4 COLLATE=utf8mb4_0900_ai_ci;
/*!40101 SET character_set_client = @saved_cs_client */;

--
-- Dumping data for table `user_favorites`
--

LOCK TABLES `user_favorites` WRITE;
/*!40000 ALTER TABLE `user_favorites` DISABLE KEYS */;
INSERT INTO `user_favorites` VALUES (12,23,'2025-09-27 22:08:14.306448'),(12,25,'2025-09-25 16:03:57.922332'),(13,11,'2025-09-22 12:47:20.979936'),(13,35,'2025-09-25 17:23:54.975170'),(14,23,'2025-09-27 22:08:16.319097'),(15,11,'2025-09-25 17:49:10.748267'),(15,20,'2025-09-25 16:58:43.843542'),(17,11,'2025-09-27 21:58:22.218938'),(17,16,'2025-09-27 21:57:43.910333'),(19,23,'2025-09-27 22:07:34.877877'),(19,24,'2025-09-25 16:51:40.775510'),(20,11,'2025-09-25 15:09:22.409374'),(21,20,'2025-09-23 12:10:58.196852'),(23,11,'2025-09-25 09:26:35.573221'),(28,11,'2025-09-24 17:44:03.573783'),(29,21,'2025-09-25 17:18:40.943082'),(29,23,'2025-09-27 22:07:42.142691'),(33,11,'2025-09-24 13:29:16.314862'),(33,20,'2025-09-23 15:58:13.297777'),(48,23,'2025-09-27 22:07:44.793600'),(50,11,'2025-09-25 10:05:18.354364'),(52,11,'2025-09-23 12:54:19.947268'),(53,20,'2025-09-25 10:41:24.545224'),(54,23,'2025-09-27 22:07:36.662723'),(55,20,'2025-09-25 10:42:57.731552'),(55,24,'2025-09-25 16:51:44.163868'),(56,20,'2025-09-25 17:22:52.268931'),(58,20,'2025-09-25 10:14:57.172998'),(58,23,'2025-09-27 22:07:30.313945'),(61,20,'2025-09-25 10:43:17.181666'),(62,11,'2025-09-23 19:16:33.695864'),(62,20,'2025-09-25 23:12:49.079512'),(64,11,'2025-09-22 15:06:56.711819'),(74,11,'2025-09-23 10:47:06.954867'),(74,20,'2025-09-25 16:58:48.797976'),(74,23,'2025-09-27 22:08:11.982834'),(75,1,'2025-09-21 21:57:54.167662'),(75,2,'2025-09-21 21:57:59.628685'),(75,3,'2025-09-21 21:58:03.942124'),(75,4,'2025-09-21 21:58:54.730893'),(75,8,'2025-09-21 22:21:37.622649'),(75,14,'2025-09-21 21:27:25.694340'),(75,20,'2025-09-26 09:57:33.814724'),(78,23,'2025-09-27 22:07:28.366540'),(80,11,'2025-09-26 14:38:42.668148'),(80,20,'2025-09-25 23:12:51.802670'),(81,20,'2025-09-25 23:12:46.201681'),(82,11,'2025-09-23 11:07:43.012021'),(82,20,'2025-09-24 09:28:45.165835'),(82,24,'2025-09-25 16:20:49.503383'),(83,11,'2025-09-25 17:49:09.149991'),(83,20,'2025-09-23 14:59:09.868099'),(83,24,'2025-09-25 15:31:04.279551'),(83,25,'2025-09-25 16:03:32.736315'),(83,35,'2025-09-25 17:24:03.449562'),(84,11,'2025-09-21 16:10:54.629770'),(85,11,'2025-09-21 16:03:38.199309'),(85,20,'2025-09-25 23:14:05.424574'),(87,11,'2025-09-22 13:30:21.513480'),(88,11,'2025-09-22 13:21:30.430354'),(88,20,'2025-09-23 14:59:10.220743'),(88,23,'2025-09-27 22:08:09.358842'),(88,25,'2025-09-25 16:03:29.513167'),(101,11,'2025-09-22 13:30:15.922411'),(101,20,'2025-09-27 22:04:34.573626'),(101,24,'2025-09-25 15:29:33.275187'),(104,11,'2025-09-22 13:46:04.032247'),(104,20,'2025-09-27 22:04:31.835354'),(104,23,'2025-09-27 22:07:24.646830'),(115,20,'2025-09-27 22:04:29.919531'),(116,11,'2025-09-23 11:54:14.811701'),(116,24,'2025-09-25 15:29:43.029019'),(117,11,'2025-09-24 16:34:50.597189'),(117,20,'2025-09-23 14:58:59.017146'),(118,11,'2025-09-25 09:41:25.522555'),(118,20,'2025-09-25 17:12:49.700901'),(119,11,'2025-09-24 16:34:49.545875'),(120,20,'2025-09-23 12:10:54.754677'),(121,11,'2025-09-23 13:56:13.036030'),(121,23,'2025-09-25 15:29:40.242504'),(121,30,'2025-09-25 17:46:02.922608'),(122,20,'2025-09-23 14:58:57.462603'),(123,1,'2025-09-23 12:49:21.591181'),(123,8,'2025-09-22 20:17:07.019273'),(123,11,'2025-09-23 13:56:11.930150'),(123,20,'2025-09-23 12:49:06.947944'),(124,1,'2025-09-23 13:07:15.105497'),(124,2,'2025-09-23 13:07:18.515991'),(124,11,'2025-09-23 13:56:10.742008'),(124,14,'2025-09-23 13:07:26.311808'),(124,20,'2025-09-23 14:58:54.980330'),(126,11,'2025-09-24 16:34:29.654866'),(126,20,'2025-09-25 21:31:04.557703'),(126,23,'2025-09-27 22:07:20.408549'),(126,24,'2025-09-25 15:33:55.214407'),(127,20,'2025-09-23 14:58:56.619710'),(127,24,'2025-09-25 16:20:09.675984'),(127,37,'2025-09-25 17:30:45.352766'),(128,20,'2025-09-23 14:59:00.343097'),(128,23,'2025-09-27 22:07:19.467919'),(128,24,'2025-09-25 16:20:08.523250'),(129,11,'2025-09-24 16:34:51.847894'),(129,20,'2025-09-23 14:58:53.632100'),(130,11,'2025-09-27 20:46:43.040686'),(130,20,'2025-09-25 23:12:47.469405'),(130,37,'2025-09-25 17:32:12.742405'),(131,20,'2025-09-23 14:59:07.549536'),(131,23,'2025-09-27 22:08:06.694946'),(132,11,'2025-09-26 14:40:05.158475'),(132,20,'2025-09-23 14:58:52.976501'),(133,20,'2025-09-23 14:59:08.004773'),(133,24,'2025-09-25 16:20:46.029378'),(133,25,'2025-09-25 16:03:26.743162'),(135,11,'2025-09-25 09:40:48.532976'),(136,20,'2025-09-25 23:12:43.368413'),(137,11,'2025-09-24 16:34:47.629756'),(137,20,'2025-09-25 17:12:42.793399'),(137,24,'2025-09-25 16:20:06.665570'),(138,11,'2025-09-27 20:46:46.700076'),(138,14,'2025-09-23 15:50:33.486413'),(138,20,'2025-09-23 14:59:06.988024'),(138,24,'2025-09-25 16:20:38.908922'),(139,11,'2025-09-25 17:49:07.303529'),(139,20,'2025-09-25 10:46:20.156982'),(139,23,'2025-09-27 22:07:16.362844'),(139,24,'2025-09-25 16:20:36.404189'),(139,25,'2025-09-25 15:58:35.883805'),(139,36,'2025-09-25 17:34:51.347618'),(141,20,'2025-09-25 10:46:30.516679'),(141,23,'2025-09-27 22:06:47.535256'),(142,11,'2025-09-27 22:26:59.038493'),(142,20,'2025-09-25 17:22:44.584335'),(142,23,'2025-09-27 22:07:14.043500'),(143,20,'2025-09-25 17:12:40.843733'),(143,23,'2025-09-25 14:04:07.756760'),(144,11,'2025-09-26 16:00:09.210194'),(144,20,'2025-09-25 21:54:22.881892'),(144,36,'2025-09-25 17:34:50.900303'),(145,11,'2025-09-28 02:43:30.811663'),(145,20,'2025-09-25 17:08:37.392154'),(145,23,'2025-09-27 22:06:51.197042'),(145,24,'2025-09-25 15:32:40.494070'),(145,25,'2025-09-26 17:00:54.567226'),(146,20,'2025-09-25 17:22:36.126797'),(146,25,'2025-09-25 16:03:24.741410'),(147,20,'2025-09-25 17:13:12.370485'),(147,23,'2025-09-27 22:08:03.759412'),(147,24,'2025-09-25 15:28:37.702857'),(147,30,'2025-09-25 17:18:58.590988'),(147,35,'2025-09-25 17:23:39.588650'),(148,20,'2025-09-25 17:22:42.558953'),(148,24,'2025-09-25 16:19:57.772778'),(149,20,'2025-09-25 17:22:37.540203'),(149,23,'2025-09-25 16:21:50.387152'),(149,36,'2025-09-25 17:34:49.794502'),(149,41,'2025-09-26 16:35:53.313897'),(150,19,'2025-09-25 18:07:07.484430'),(150,20,'2025-09-25 17:12:37.885198'),(151,19,'2025-09-25 18:07:03.680387'),(151,24,'2025-09-25 16:23:22.061522'),(151,25,'2025-09-25 20:47:02.700677'),(152,19,'2025-09-25 18:07:02.503367'),(152,24,'2025-09-25 16:23:31.810314'),(153,11,'2025-09-26 17:37:58.763470'),(153,20,'2025-09-25 17:13:11.794237'),(153,24,'2025-09-25 17:53:17.451086'),(153,36,'2025-09-25 17:34:49.389615'),(154,11,'2025-09-27 22:26:53.733034'),(154,19,'2025-09-25 18:07:00.566167'),(154,20,'2025-09-25 17:12:35.588398'),(154,24,'2025-09-25 16:27:34.227455'),(155,19,'2025-09-25 18:06:56.418333'),(155,20,'2025-09-25 17:03:57.582646'),(156,19,'2025-09-25 18:03:41.895691'),(156,20,'2025-09-25 17:02:24.453075'),(156,30,'2025-09-25 17:22:45.976223'),(158,11,'2025-09-27 22:03:47.882379'),(158,19,'2025-09-25 18:06:57.858820'),(158,20,'2025-09-25 21:54:01.013802'),(159,11,'2025-09-26 13:51:49.679970'),(159,20,'2025-09-25 21:54:17.470777'),(159,23,'2025-09-27 22:08:00.359615'),(159,24,'2025-09-25 17:46:58.221631'),(159,36,'2025-09-25 17:34:48.550744'),(161,11,'2025-09-25 17:59:13.394857'),(161,20,'2025-09-25 21:54:07.720576'),(161,24,'2025-09-25 17:46:35.293840'),(161,25,'2025-09-25 20:48:31.020164'),(162,11,'2025-09-27 21:58:35.238940'),(162,19,'2025-09-25 18:06:59.054777'),(162,20,'2025-09-27 22:04:18.002406'),(162,24,'2025-09-25 17:46:37.897625'),(163,19,'2025-09-25 18:06:54.358078'),(164,19,'2025-09-25 18:06:52.242101'),(164,20,'2025-09-25 21:53:49.590222'),(165,19,'2025-09-25 18:06:51.159229'),(165,20,'2025-09-25 21:53:57.697347'),(166,19,'2025-09-25 18:06:49.812341'),(166,20,'2025-09-25 23:13:01.699719'),(167,20,'2025-09-25 23:13:05.813167'),(167,24,'2025-09-25 18:14:49.491978'),(168,11,'2025-09-27 22:03:44.284528'),(168,20,'2025-09-25 21:53:54.674641'),(168,24,'2025-09-25 18:14:52.642378'),(169,11,'2025-09-27 22:03:38.686636'),(169,20,'2025-09-25 21:53:52.429045'),(169,23,'2025-09-27 22:07:01.970287'),(169,24,'2025-09-25 18:14:48.318183'),(170,11,'2025-09-27 22:03:39.984147'),(170,20,'2025-09-25 21:33:59.680683'),(171,11,'2025-09-28 02:43:32.474594'),(171,20,'2025-09-25 23:04:58.097857'),(172,20,'2025-09-26 09:57:35.880395'),(173,11,'2025-09-27 22:26:44.675515'),(174,11,'2025-09-27 22:03:36.119680'),(178,11,'2025-09-28 02:43:43.357737'),(181,11,'2025-09-28 02:43:42.077616');
/*!40000 ALTER TABLE `user_favorites` ENABLE KEYS */;
UNLOCK TABLES;

--
-- Table structure for table `user_transactions`
--

DROP TABLE IF EXISTS `user_transactions`;
/*!40101 SET @saved_cs_client     = @@character_set_client */;
/*!50503 SET character_set_client = utf8mb4 */;
CREATE TABLE `user_transactions` (
  `transaction_id` bigint NOT NULL AUTO_INCREMENT,
  `created_at` datetime(6) DEFAULT NULL,
  `balance` int DEFAULT NULL,
  `state` enum('ERROR','REFUNDED','SUCCESS') DEFAULT NULL,
  `transaction_unique_no` varchar(255) NOT NULL,
  `funding_id` bigint NOT NULL,
  `user_id` bigint NOT NULL,
  `processed_at` datetime(6) DEFAULT NULL,
  PRIMARY KEY (`transaction_id`),
  KEY `FK9130nrwb8ww7x7me61jf3bp5y` (`funding_id`),
  KEY `FK8e02itfqnbi5m24cebs2s9aoo` (`user_id`),
  CONSTRAINT `FK8e02itfqnbi5m24cebs2s9aoo` FOREIGN KEY (`user_id`) REFERENCES `users` (`user_id`),
  CONSTRAINT `FK9130nrwb8ww7x7me61jf3bp5y` FOREIGN KEY (`funding_id`) REFERENCES `fundings` (`funding_id`)
) ENGINE=InnoDB AUTO_INCREMENT=112 DEFAULT CHARSET=utf8mb4 COLLATE=utf8mb4_0900_ai_ci;
/*!40101 SET character_set_client = @saved_cs_client */;

--
-- Dumping data for table `user_transactions`
--

LOCK TABLES `user_transactions` WRITE;
/*!40000 ALTER TABLE `user_transactions` DISABLE KEYS */;
INSERT INTO `user_transactions` VALUES (2,'2025-09-19 11:40:21.078264',55560,'REFUNDED','130984',29,11,'2025-09-23 16:03:31.965671'),(6,'2025-09-19 18:53:05.368673',500000,'SUCCESS','4982',50,11,'2025-09-19 18:53:05.000000'),(7,'2025-09-20 14:11:14.894102',50000,'SUCCESS','4983',51,11,'2025-09-20 14:11:14.000000'),(8,'2025-09-20 14:15:10.770498',50000,'SUCCESS','4984',52,11,'2025-09-20 14:15:10.000000'),(9,'2025-09-20 15:45:26.922684',500000,'REFUNDED','132868',55,11,'2025-09-25 16:03:36.914613'),(10,'2025-09-20 15:48:07.714490',38460,'SUCCESS','4989',56,11,'2025-09-20 15:48:07.000000'),(11,'2025-09-20 15:59:47.948351',100000,'SUCCESS','4990',57,11,'2025-09-20 15:59:47.000000'),(13,'2025-09-21 16:07:56.774574',83333,'SUCCESS','34070',85,11,'2025-09-21 16:07:56.000000'),(14,'2025-09-21 16:13:17.885911',41666,'REFUNDED','132383',23,11,'2025-09-24 17:34:54.673559'),(16,'2025-09-22 15:35:31.330357',38460,'SUCCESS','34092',124,11,'2025-09-22 15:35:31.000000'),(17,'2025-09-23 13:39:40.523639',50000,'SUCCESS','34184',126,11,'2025-09-23 13:39:40.000000'),(18,'2025-09-23 13:41:40.143051',83340,'SUCCESS','34185',127,11,'2025-09-23 13:41:40.000000'),(19,'2025-09-23 13:44:18.413355',250000,'REFUNDED','130950',128,11,'2025-09-23 15:12:15.364960'),(20,'2025-09-23 13:54:52.288242',83340,'REFUNDED','131313',129,11,'2025-09-24 08:00:03.645871'),(21,'2025-09-23 14:24:51.495494',250000,'SUCCESS','34206',132,11,'2025-09-23 14:24:51.000000'),(22,'2025-09-23 14:28:54.623044',500000,'REFUNDED','34207',134,11,'2025-09-23 14:28:54.000000'),(23,'2025-09-23 14:33:54.487433',500000,'REFUNDED','34209',135,11,'2025-09-23 14:33:54.000000'),(24,'2025-09-23 14:44:00.971276',38470,'REFUNDED','138003',123,11,'2025-09-27 08:00:03.976875'),(25,'2025-09-23 14:48:08.037957',62500,'REFUNDED','132633',28,11,'2025-09-25 11:02:03.485685'),(26,'2025-09-23 14:57:32.870303',5000,'SUCCESS','34213',101,11,'2025-09-23 14:57:32.000000'),(27,'2025-09-23 16:03:58.473665',55560,'REFUNDED','131179',29,11,'2025-09-23 16:18:17.565413'),(28,'2025-09-23 16:18:37.610934',55560,'REFUNDED','138341',29,11,'2025-09-28 08:00:03.031942'),(29,'2025-09-23 16:43:01.078866',500000,'REFUNDED','34248',140,11,'2025-09-23 16:43:00.000000'),(31,'2025-09-25 10:15:52.559772',500000,'SUCCESS','34310',116,14,'2025-09-25 10:15:52.000000'),(32,'2025-09-25 14:03:27.516015',31250,'SUCCESS','34322',143,23,'2025-09-25 14:03:27.000000'),(33,'2025-09-25 15:24:45.897444',1670,'REFUNDED','132843',145,24,'2025-09-25 15:49:30.498257'),(34,'2025-09-25 15:30:32.923947',5000,'REFUNDED','132850',101,24,'2025-09-25 15:53:39.792981'),(35,'2025-09-25 15:32:26.738188',5000,'SUCCESS','34339',19,24,'2025-09-25 15:32:26.000000'),(36,'2025-09-25 15:34:26.687655',10000,'REFUNDED','132828',126,24,'2025-09-25 15:38:39.208053'),(37,'2025-09-25 15:38:37.132510',6250,'REFUNDED','132830',58,14,'2025-09-25 15:39:50.277588'),(38,'2025-09-25 15:40:16.084881',12500,'SUCCESS','34342',148,23,'2025-09-25 15:40:16.000000'),(39,'2025-09-25 15:40:24.120144',10000,'REFUNDED','132834',126,14,'2025-09-25 15:40:32.898768'),(40,'2025-09-25 15:41:28.295777',10000,'SUCCESS','34344',126,14,'2025-09-25 15:41:28.000000'),(41,'2025-09-25 15:49:56.971409',8340,'REFUNDED','132858',145,24,'2025-09-25 15:56:04.098742'),(42,'2025-09-25 15:52:01.053918',8340,'SUCCESS','34350',145,25,'2025-09-25 15:52:00.000000'),(43,'2025-09-25 15:56:54.176255',8340,'SUCCESS','34351',145,24,'2025-09-25 15:56:54.000000'),(44,'2025-09-25 15:58:02.126588',166670,'SUCCESS','34352',151,25,'2025-09-25 15:58:02.000000'),(45,'2025-09-25 16:00:25.530233',8340,'REFUNDED','137997',53,11,'2025-09-27 08:00:02.802427'),(46,'2025-09-25 16:03:02.672378',166670,'SUCCESS','34354',151,23,'2025-09-25 16:03:02.000000'),(47,'2025-09-25 16:03:56.652961',6250,'REFUNDED','137999',55,11,'2025-09-27 08:00:03.567726'),(48,'2025-09-25 16:05:52.623111',166670,'SUCCESS','34356',151,16,'2025-09-25 16:05:52.000000'),(49,'2025-09-25 16:09:34.950294',16670,'REFUNDED','138005',152,26,'2025-09-27 08:00:04.184236'),(50,'2025-09-25 16:11:37.126659',5000,'REFUNDED','132882',120,11,'2025-09-25 16:12:17.656714'),(51,'2025-09-25 16:14:52.894067',5000,'REFUNDED','133100',120,11,'2025-09-26 08:00:02.936576'),(52,'2025-09-25 16:15:05.870323',2800,'REFUNDED','132892',150,26,'2025-09-25 16:15:10.569233'),(53,'2025-09-25 16:18:41.916503',16670,'REFUNDED','138007',152,11,'2025-09-27 08:00:04.333355'),(54,'2025-09-25 16:23:31.645475',7150,'SUCCESS','34365',75,14,'2025-09-25 16:23:31.000000'),(55,'2025-09-25 16:24:58.121559',16670,'REFUNDED','138009',152,24,'2025-09-27 08:00:04.491633'),(56,'2025-09-25 16:25:16.463051',8340,'REFUNDED','132912',145,11,'2025-09-25 16:27:49.676337'),(57,'2025-09-25 16:27:29.577101',5000,'SUCCESS','34369',154,24,'2025-09-25 16:27:29.000000'),(58,'2025-09-25 16:29:25.382415',5000,'SUCCESS','34371',101,24,'2025-09-25 16:29:25.000000'),(59,'2025-09-25 16:58:23.476950',4170,'SUCCESS','34400',61,20,'2025-09-25 16:58:23.000000'),(60,'2025-09-25 17:03:09.950923',55560,'REFUNDED','138343',155,20,'2025-09-28 08:00:03.831396'),(64,'2025-09-25 17:18:12.951301',5560,'REFUNDED','138001',121,30,'2025-09-27 08:00:03.820517'),(67,'2025-09-25 17:23:04.502855',500000,'SUCCESS','34431',156,30,'2025-09-25 17:23:04.000000'),(69,'2025-09-25 17:30:41.262295',5000,'SUCCESS','34433',127,37,'2025-09-25 17:30:41.000000'),(70,'2025-09-25 17:32:11.926354',11910,'REFUNDED','138345',158,36,'2025-09-28 08:00:04.097815'),(71,'2025-09-25 17:46:30.527405',2640,'SUCCESS','34435',162,24,'2025-09-25 17:46:30.000000'),(72,'2025-09-25 21:30:27.119289',100000,'SUCCESS','34439',169,20,'2025-09-25 21:30:27.000000'),(73,'2025-09-25 23:04:47.448868',50000,'REFUNDED','138897',171,20,'2025-09-28 17:46:40.503855'),(74,'2025-09-26 09:59:57.983939',18520,'SUCCESS','34449',172,20,'2025-09-26 09:59:57.000000'),(75,'2025-09-26 10:59:31.862162',15160,'REFUNDED','133157',137,11,'2025-09-26 11:00:05.616098'),(76,'2025-09-26 11:00:11.548943',15160,'REFUNDED','133162',137,11,'2025-09-26 11:00:18.062677'),(77,'2025-09-26 11:00:38.995684',15160,'REFUNDED','133165',137,11,'2025-09-26 11:00:56.900493'),(78,'2025-09-26 11:08:28.754369',15160,'SUCCESS','34500',137,11,'2025-09-26 11:08:28.000000'),(79,'2025-09-26 17:36:05.366709',3580,'REFUNDED','137838',174,11,'2025-09-26 17:36:15.347701'),(80,'2025-09-27 00:33:22.921533',50000,'SUCCESS','34686',139,20,'2025-09-27 00:33:22.000000'),(81,'2025-09-27 00:42:39.616589',50000,'SUCCESS','34689',177,20,'2025-09-27 00:42:39.000000'),(82,'2025-09-27 21:37:10.343876',38470,'REFUNDED','139032',64,11,'2025-09-28 20:24:49.698424'),(83,'2025-09-27 23:25:52.813903',50000,'REFUNDED','139019',80,11,'2025-09-28 20:21:46.638104'),(84,'2025-09-28 17:28:47.402405',5000,'REFUNDED','138890',17,11,'2025-09-28 17:33:16.249597'),(85,'2025-09-28 17:34:02.441984',5000,'REFUNDED','138893',17,11,'2025-09-28 17:35:58.296315'),(86,'2025-09-28 17:51:21.187209',5000,'REFUNDED','138906',17,20,'2025-09-28 18:05:38.925468'),(87,'2025-09-28 18:07:19.425739',6250,'REFUNDED','138913',58,20,'2025-09-28 18:11:24.495711'),(88,'2025-09-28 18:12:01.566641',6250,'REFUNDED','138926',58,20,'2025-09-28 18:16:10.597492'),(89,'2025-09-28 18:17:09.075104',6250,'REFUNDED','138931',58,20,'2025-09-28 18:19:33.957905'),(90,'2025-09-28 18:20:08.965777',6250,'REFUNDED','138934',58,20,'2025-09-28 18:23:47.327739'),(91,'2025-09-28 18:24:20.881017',6250,'REFUNDED','138937',58,20,'2025-09-28 18:26:35.977041'),(92,'2025-09-28 18:28:00.224587',6250,'REFUNDED','138944',58,20,'2025-09-28 18:32:26.384727'),(93,'2025-09-28 18:32:57.571345',6250,'REFUNDED','138947',58,20,'2025-09-28 18:33:37.196243'),(94,'2025-09-28 18:34:03.270429',6250,'REFUNDED','138952',58,20,'2025-09-28 18:35:46.470586'),(95,'2025-09-28 18:36:14.308322',6250,'REFUNDED','138955',58,20,'2025-09-28 18:40:03.092368'),(96,'2025-09-28 18:40:32.837219',6250,'REFUNDED','138959',58,20,'2025-09-28 18:45:38.030783'),(97,'2025-09-28 18:46:09.280550',6250,'REFUNDED','138962',58,20,'2025-09-28 18:49:10.651657'),(98,'2025-09-28 18:49:39.389740',6250,'REFUNDED','138968',58,20,'2025-09-28 18:51:50.176231'),(99,'2025-09-28 18:52:18.247985',6250,'REFUNDED','138971',58,20,'2025-09-28 18:53:10.548114'),(100,'2025-09-28 18:53:34.621249',6250,'REFUNDED','138974',58,20,'2025-09-28 18:54:52.655203'),(101,'2025-09-28 20:04:58.641747',6250,'REFUNDED','139011',58,20,'2025-09-28 20:06:05.556105'),(102,'2025-09-28 20:05:12.050432',8340,'SUCCESS','34916',48,16,'2025-09-28 20:05:11.000000'),(103,'2025-09-28 20:23:22.126647',50000,'REFUNDED','139027',80,11,'2025-09-28 20:23:32.332132'),(104,'2025-09-28 20:24:13.801165',50000,'SUCCESS','34920',80,11,'2025-09-28 20:24:14.000000'),(105,'2025-09-28 20:35:20.676164',6250,'REFUNDED','139044',58,20,'2025-09-28 20:35:27.013634'),(106,'2025-09-28 22:27:00.921619',6250,'SUCCESS','34929',58,20,'2025-09-28 22:27:01.000000'),(107,'2025-09-28 22:42:33.795869',8340,'REFUNDED','139107',48,20,'2025-09-28 22:42:58.841088'),(108,'2025-09-28 22:43:42.881964',31250,'REFUNDED','139110',143,20,'2025-09-28 22:46:49.765621'),(109,'2025-09-28 22:49:02.715137',8340,'REFUNDED','139113',145,20,'2025-09-28 22:49:11.307556'),(110,'2025-09-28 22:50:00.898527',8340,'REFUNDED','139116',145,20,'2025-09-28 22:50:42.018587'),(111,'2025-09-28 22:51:39.949784',8340,'SUCCESS','34937',48,20,'2025-09-28 22:51:40.000000');
/*!40000 ALTER TABLE `user_transactions` ENABLE KEYS */;
UNLOCK TABLES;

--
-- Table structure for table `users`
--

DROP TABLE IF EXISTS `users`;
/*!40101 SET @saved_cs_client     = @@character_set_client */;
/*!50503 SET character_set_client = utf8mb4 */;
CREATE TABLE `users` (
  `user_id` bigint NOT NULL AUTO_INCREMENT,
  `created_at` datetime(6) DEFAULT NULL,
  `bank_code` varchar(11) DEFAULT NULL,
  `is_adult` bit(1) NOT NULL DEFAULT b'0',
  `nickname` varchar(50) NOT NULL,
  `password` varchar(255) NOT NULL,
  `phone_number` varchar(11) DEFAULT NULL,
  `profile_img_url` varchar(255) NOT NULL,
  `refund_account_number` varchar(16) DEFAULT NULL,
  `username` varchar(40) NOT NULL,
  `role` enum('ANONYMOUS','USER') DEFAULT NULL,
  PRIMARY KEY (`user_id`)
) ENGINE=InnoDB AUTO_INCREMENT=51 DEFAULT CHARSET=utf8mb4 COLLATE=utf8mb4_0900_ai_ci;
/*!40101 SET character_set_client = @saved_cs_client */;

--
-- Dumping data for table `users`
--

LOCK TABLES `users` WRITE;
/*!40000 ALTER TABLE `users` DISABLE KEYS */;
INSERT INTO `users` VALUES (1,'2025-09-12 10:43:51.000000','001',_binary '\0','펀딩 테스트','{bcrypt_password_hash}','01012345678','https://picsum.photos/id/1/200','0017894251894220','yhg9801@gmail.com',NULL),(2,'2025-09-12 10:43:51.000000','011',_binary '\0','개발왕','{bcrypt_password_hash}','01023456789','https://picsum.photos/id/10/200','100012345678','박영희',NULL),(3,'2025-09-12 10:43:51.000000','020',_binary '\0','주니어개발자','{bcrypt_password_hash}','01034567890','https://picsum.photos/id/20/200','110123456789','이민준',NULL),(4,'2025-09-12 10:43:51.000000','001',_binary '\0','데이터베이스구루','{bcrypt_password_hash}','01045678901','https://picsum.photos/id/30/200','001789425189','이희경',NULL),(5,'2025-09-12 10:43:51.000000','044',_binary '\0','알고리즘신동','{bcrypt_password_hash}','01056789012','https://picsum.photos/id/40/200','110456789012','정서윤',NULL),(6,'2025-09-12 10:43:51.000000','003',_binary '\0','코딩새싹','{bcrypt_password_hash}','01066667777','https://picsum.photos/id/60/200','1002123456789','박준형',NULL),(7,'2025-09-12 10:43:51.000000','027',_binary '\0','데이터꿈나무','{bcrypt_password_hash}','01077778888','https://picsum.photos/id/70/200','111222333333','김서아',NULL),(8,'2025-09-12 10:43:51.000000','001',_binary '\0','서버고수','{bcrypt_password_hash}','01088889999','https://picsum.photos/id/80/200','1112223333334','이도윤','USER'),(11,'2025-09-18 13:08:30.678701','004',_binary '','알고리즘신동','socialUser',NULL,'https://lh3.googleusercontent.com/a/ACg8ocItvrC5xbfhwVkudgAHeBOudYEhQYlOxDiqd14XndEaM0ceyA=s96-c','0017894251894220','cinemoa.ssafy@gmail.com','USER'),(14,'2025-09-19 20:25:25.191931','999',_binary '','노래하는 후원자','socialUser',NULL,'https://lh3.googleusercontent.com/a/ACg8ocKPKCC5nTRauvCKJV-f4-46qzEghTq0PNzIMVGrY6cUM0IifQ=s96-c','0017894251894220','pjhch1009@gmail.com','USER'),(16,'2025-09-22 10:46:12.235985',NULL,_binary '','과몰입한 마법사','socialUser',NULL,'https://lh3.googleusercontent.com/a/ACg8ocIHKur1sTfYfpMZU2QjiJoM9VYKdRJcndUI7Lp78eEf8Wm1gQ=s96-c',NULL,'yhg9801@naver.com','USER'),(19,'2025-09-22 14:42:03.936555','003',_binary '','과몰입한 탐정','socialUser',NULL,'https://lh3.googleusercontent.com/a/ACg8ocLnHOInNW-TcSHVKB145KjmQvbnCmCxcwAkC3QcnXphGjge1Q=s96-c','0017894251894220','gimnimpeu@gmail.com','ANONYMOUS'),(20,'2025-09-23 12:09:32.568048','001',_binary '','혼영하는 관람객','socialUser',NULL,'https://lh3.googleusercontent.com/a/ACg8ocINJkYMiVr8sj1LtyvJcM7_WRE6CkHs0qcyGVY-6YjcJrntPg=s96-c','0017894251894220','osrosr888@ewhain.net','USER'),(21,'2025-09-23 20:58:58.699627','999',_binary '','투표를 마친 빌런','socialUser',NULL,'https://lh3.googleusercontent.com/a/ACg8ocIc9sbNSvKxuD92AIcis0WFbC8Jk_IDh7H3U_c9uoACsBLu-Q=s96-c','0017894251894220','angellee8255@gmail.com','USER'),(23,'2025-09-25 09:34:26.648420','081',_binary '','팝콘을 든 주인공','socialUser',NULL,'https://lh3.googleusercontent.com/a/ACg8ocIEy5QkSFqt0WRGTIMZbeKRdLsfl889kMj3gDSmy3R8JSPcG0E=s96-c','0017894251894220','mousehunterkoo@gmail.com','USER'),(24,'2025-09-25 09:53:07.235284','999',_binary '','팝콘을 든 몽상가','socialUser',NULL,'https://lh3.googleusercontent.com/a/ACg8ocLMsDk2zDcdIwVMmSpWVP2CMQBKLV8wDQ-jTPpAnYpJXI3xIsOP=s96-c','0017894251894220','easywoo980902@gmail.com','USER'),(25,'2025-09-25 15:48:44.548200','999',_binary '','과몰입한 요정','socialUser',NULL,'https://lh3.googleusercontent.com/a/ACg8ocInkiLYwIerxNa5dlUTwm4Qco58XNUFMTeBruKM2j0b5rMtBa8=s96-c','0017894251894220','conseyolee@gmail.com','USER'),(26,'2025-09-25 16:04:21.445207','999',_binary '','숨은 명작을 찾는 모험가','socialUser',NULL,'https://lh3.googleusercontent.com/a/ACg8ocIF3jffYVi86mowNwZZWtuhrZfNnWAPYTMaYjElctjFpxU1-Q=s96-c','0017894251894220','ehgud938@gmail.com','USER'),(30,'2025-09-25 17:16:36.190731','999',_binary '','떡밥을 푸는 주인공','socialUser',NULL,'https://lh3.googleusercontent.com/a/ACg8ocJVhHx9Mz0aH_ed0Lf4XQHM90WRDtHWsQ8s9XJdY6HSWXJPZw=s96-c','0017894251894220','99mini22@gmail.com','USER'),(31,'2025-09-25 17:17:29.507447',NULL,_binary '','팝콘 리필한 모험가','socialUser',NULL,'https://lh3.googleusercontent.com/a/ACg8ocIXFS4rlU_9rFbEb73AECIAlv4jlbWdD3ppv3xp340Ly6Pk5zk=s96-c',NULL,'dlsqja3436@gmail.com','ANONYMOUS'),(32,'2025-09-25 17:20:03.384433',NULL,_binary '','엔딩 속 모험가','socialUser',NULL,'https://lh3.googleusercontent.com/a/ACg8ocLR2Jdig0U8HglvqnwxRty50bhzzcUneNIZooYci4SURPKZqQ=s96-c',NULL,'cyberhanryang0927@gmail.com','ANONYMOUS'),(33,'2025-09-25 17:20:16.071006',NULL,_binary '','떡밥을 푸는 마법사','socialUser',NULL,'https://lh3.googleusercontent.com/a/ACg8ocKskOHShShjLDGWcd8s3D-GnERPcejeN7KDXMai9A8QutEc5LBC=s96-c',NULL,'l01088517943@gmail.com','ANONYMOUS'),(34,'2025-09-25 17:20:26.585331',NULL,_binary '','최애를 만난 능력자','socialUser',NULL,'https://lh3.googleusercontent.com/a/ACg8ocIVsX9EYL8i_RFmOUKLCdWlS2NIEAuCfLqlixz9mEVlHWvzDpZ8=s96-c',NULL,'chosuin0826@gmail.com','ANONYMOUS'),(35,'2025-09-25 17:21:54.341776','999',_binary '','스포 당한 능력자','socialUser',NULL,'https://lh3.googleusercontent.com/a/ACg8ocLAdt9hggei0y6OZ5eH3iPGC9YHnHmqM2PAZBGdHtAZ6In6vWpk=s96-c','0017894251894220','yytbtb@gmail.com','USER'),(36,'2025-09-25 17:27:11.274611','999',_binary '','광고 스킵한 마법사','socialUser',NULL,'https://lh3.googleusercontent.com/a/ACg8ocK25c8VRcrXJVWkbFoxROS72RGuAozDg18-N2BjPS2vu3OI-g=s96-c','0017894251894220','pwnstj1819@gmail.com','USER'),(37,'2025-09-25 17:27:28.007149','999',_binary '','최애를 만난 여행자','socialUser',NULL,'https://lh3.googleusercontent.com/a/ACg8ocKr3k8cwlBOi4hrKFrfEVz_7xhu93ttB0YIs4uEaSocE1ASSQ=s96-c','0017894251894220','ofolnid@gmail.com','USER'),(38,'2025-09-25 17:32:46.744223',NULL,_binary '','스포 당한 모험가','socialUser',NULL,'https://lh3.googleusercontent.com/a/ACg8ocIDMJOw0P9bR6rfliv6-OV9F-LkQJ7LH_Q7hmRR8fTf29zEAKM=s96-c',NULL,'dmswl278143@gmail.com','ANONYMOUS'),(39,'2025-09-26 09:00:12.772355',NULL,_binary '','팝콘 리필한 히어로','socialUser',NULL,'https://lh3.googleusercontent.com/a/ACg8ocINuaX5j6HjEXwD9_ceAHBxMjukVBILcp5sAIDXhtfvm8kiOA=s96-c',NULL,'hjh10529@gmail.com','ANONYMOUS'),(40,'2025-09-26 09:03:11.901734',NULL,_binary '','팝콘 리필한 마법사','socialUser',NULL,'https://lh3.googleusercontent.com/a/ACg8ocK8qenXoOsnfpV19eiDfyAfgz41wRkj3PuqEGKhhkpYOmNtkac=s96-c',NULL,'gio38040@gmail.com','ANONYMOUS'),(41,'2025-09-26 09:04:14.893080','999',_binary '','팝콘 리필한 몽상가','socialUser',NULL,'https://lh3.googleusercontent.com/a/ACg8ocJ9i0MAdu4v8CnSbUCRyoOupVEwgiZfSsVB2pZI66sZ1X27dQ=s96-c','0017894251894220','angellee98@gachon.ac.kr','USER'),(42,'2025-09-26 09:29:45.992415','999',_binary '','광고 스킵한 후원자','socialUser',NULL,'https://lh3.googleusercontent.com/a/ACg8ocJ2snp-UElHvM-fHmJoYeNot1zesq8WwVX9YRohJBTzPYEK2w=s96-c','0017894251894220','jhwan906@gmail.com','USER'),(44,'2025-09-26 11:44:11.069149',NULL,_binary '','최애를 만난 주인공','socialUser',NULL,'https://lh3.googleusercontent.com/a/ACg8ocIYUxKMngL20Ehc43kA4iRruEGTyJohDWJxLgkfg0P31slHuA=s96-c',NULL,'bronzing4520@gmail.com','ANONYMOUS'),(46,'2025-09-26 14:45:25.863280',NULL,_binary '','엔딩 속 관람객','socialUser',NULL,'https://lh3.googleusercontent.com/a/ACg8ocKpUM77KYzQwcJc2ZGpa-uk3gqTE0u1TUzrmpzc2jG_TnV5Vg=s96-c',NULL,'alwlsdlqslek3@gmail.com','ANONYMOUS'),(47,'2025-09-26 16:20:32.372163','999',_binary '','엔딩 속 탐정','socialUser',NULL,'https://lh3.googleusercontent.com/a/ACg8ocJY8mQJz5GEKJQRiIoFtCl1bp_5BYF9wp3EvlhGeFfTcf63oQ=s96-c','0017894251894220','casio400144@gmail.com','USER'),(48,'2025-09-26 16:29:14.155178','999',_binary '','최애를 만난 빌런','socialUser',NULL,'https://lh3.googleusercontent.com/a/ACg8ocI3C-xalMKeaEFM9-bzRlXHj7OPom4nrdigw14C7aVZXKhzug=s96-c','0017894251894220','sungman4001@gmail.com','USER'),(49,'2025-09-26 17:34:21.316873',NULL,_binary '','흐물흐물한 여행자','socialUser',NULL,'https://lh3.googleusercontent.com/a/ACg8ocJ0JNyfdDZpDXPTRrwKB0W33x53W8JgF-oFFwdRRWPZ3mT7=s96-c',NULL,'estt6265@gmail.com','ANONYMOUS'),(50,'2025-09-28 12:58:04.576240',NULL,_binary '','N차 뛰는 관람객','socialUser',NULL,'https://lh3.googleusercontent.com/a/ACg8ocLbEXYfW-MhLxeGY5_0pAvr36srfs6jePloeESl87NJg9rPExU=s96-c',NULL,'ijioo2100@gmail.com','ANONYMOUS');
/*!40000 ALTER TABLE `users` ENABLE KEYS */;
UNLOCK TABLES;
/*!40103 SET TIME_ZONE=@OLD_TIME_ZONE */;

/*!40101 SET SQL_MODE=@OLD_SQL_MODE */;
/*!40014 SET FOREIGN_KEY_CHECKS=@OLD_FOREIGN_KEY_CHECKS */;
/*!40014 SET UNIQUE_CHECKS=@OLD_UNIQUE_CHECKS */;
/*!40101 SET CHARACTER_SET_CLIENT=@OLD_CHARACTER_SET_CLIENT */;
/*!40101 SET CHARACTER_SET_RESULTS=@OLD_CHARACTER_SET_RESULTS */;
/*!40101 SET COLLATION_CONNECTION=@OLD_COLLATION_CONNECTION */;
/*!40111 SET SQL_NOTES=@OLD_SQL_NOTES */;

-- Dump completed on 2025-09-28 22:53:06
